"year","raceid","grand_prix","driverid","driver","constructorid","constructor_name","laptimes"
1996,224,"Australian Grand Prix",35,"Jacques Villeneuve",3,"Williams","00:01:33.421"
1996,225,"Brazilian Grand Prix",71,"Damon Hill",3,"Williams","00:01:21.547"
1996,226,"Argentine Grand Prix",55,"Jean Alesi",22,"Benetton","00:01:29.413"
1996,227,"European Grand Prix",71,"Damon Hill",NULL,NULL,"00:01:21.363"
1996,228,"San Marino Grand Prix",71,"Damon Hill",3,"Williams","00:01:28.931"
1996,229,"Monaco Grand Prix",55,"Jean Alesi",NULL,NULL,"00:01:25.205"
1996,230,"Spanish Grand Prix",30,"Michael Schumacher",6,"Ferrari","00:01:45.517"
1996,231,"Canadian Grand Prix",35,"Jacques Villeneuve",3,"Williams","00:01:21.916"
1996,232,"French Grand Prix",35,"Jacques Villeneuve",3,"Williams","00:01:18.61"
1996,233,"British Grand Prix",35,"Jacques Villeneuve",3,"Williams","00:01:29.288"
1996,234,"German Grand Prix",71,"Damon Hill",3,"Williams","00:01:46.504"
1996,235,"Hungarian Grand Prix",71,"Damon Hill",3,"Williams","00:01:20.093"
1996,236,"Belgian Grand Prix",77,"Gerhard Berger",NULL,NULL,"00:01:53.067"
1996,237,"Italian Grand Prix",30,"Michael Schumacher",6,"Ferrari","00:01:26.11"
1996,238,"Portuguese Grand Prix",35,"Jacques Villeneuve",3,"Williams","00:01:22.873"
1996,239,"Japanese Grand Prix",35,"Jacques Villeneuve",NULL,NULL,"00:01:44.043"
1997,207,"Australian Grand Prix",49,"Heinz-Harald Frentzen",NULL,NULL,"00:01:30.585"
1997,208,"Brazilian Grand Prix",35,"Jacques Villeneuve",3,"Williams","00:01:18.397"
1997,209,"Argentine Grand Prix",77,"Gerhard Berger",NULL,NULL,"00:01:27.981"
1997,210,"San Marino Grand Prix",49,"Heinz-Harald Frentzen",3,"Williams","00:01:25.531"
1997,211,"Monaco Grand Prix",30,"Michael Schumacher",6,"Ferrari","00:01:53.315"
1997,212,"Spanish Grand Prix",21,"Giancarlo Fisichella",NULL,NULL,"00:01:22.242"
1997,213,"Canadian Grand Prix",14,"David Coulthard",NULL,NULL,"00:01:19.635"
1997,214,"French Grand Prix",30,"Michael Schumacher",6,"Ferrari","00:01:17.91"
1997,215,"British Grand Prix",30,"Michael Schumacher",NULL,NULL,"00:01:24.475"
1997,216,"German Grand Prix",77,"Gerhard Berger",22,"Benetton","00:01:45.747"
1997,217,"Hungarian Grand Prix",49,"Heinz-Harald Frentzen",NULL,NULL,"00:01:18.372"
1997,218,"Belgian Grand Prix",35,"Jacques Villeneuve",NULL,NULL,"00:01:52.692"
1997,219,"Italian Grand Prix",57,"Mika Häkkinen",NULL,NULL,"00:01:24.808"
1997,220,"Austrian Grand Prix",35,"Jacques Villeneuve",3,"Williams","00:01:11.814"
1997,221,"Luxembourg Grand Prix",49,"Heinz-Harald Frentzen",3,"Williams","00:01:18.805"
1997,222,"Japanese Grand Prix",49,"Heinz-Harald Frentzen",3,"Williams","00:01:38.942"
1997,223,"European Grand Prix",49,"Heinz-Harald Frentzen",NULL,NULL,"00:01:23.135"
1998,191,"Australian Grand Prix",57,"Mika Häkkinen",1,"McLaren","00:01:31.649"
1998,192,"Brazilian Grand Prix",57,"Mika Häkkinen",1,"McLaren","00:01:19.337"
1998,193,"Argentine Grand Prix",25,"Alexander Wurz",NULL,NULL,"00:01:28.179"
1998,194,"San Marino Grand Prix",30,"Michael Schumacher",6,"Ferrari","00:01:29.345"
1998,195,"Spanish Grand Prix",57,"Mika Häkkinen",1,"McLaren","00:01:24.275"
1998,196,"Monaco Grand Prix",57,"Mika Häkkinen",1,"McLaren","00:01:22.948"
1998,197,"Canadian Grand Prix",30,"Michael Schumacher",6,"Ferrari","00:01:19.379"
1998,198,"French Grand Prix",14,"David Coulthard",NULL,NULL,"00:01:17.523"
1998,199,"British Grand Prix",30,"Michael Schumacher",6,"Ferrari","00:01:35.704"
1998,200,"Austrian Grand Prix",14,"David Coulthard",1,"McLaren","00:01:12.878"
1998,201,"German Grand Prix",14,"David Coulthard",1,"McLaren","00:01:46.116"
1998,202,"Hungarian Grand Prix",30,"Michael Schumacher",6,"Ferrari","00:01:19.286"
1998,203,"Belgian Grand Prix",30,"Michael Schumacher",NULL,NULL,"00:02:03.766"
1998,204,"Italian Grand Prix",57,"Mika Häkkinen",NULL,NULL,"00:01:25.139"
1998,205,"Luxembourg Grand Prix",57,"Mika Häkkinen",1,"McLaren","00:01:20.45"
1998,206,"Japanese Grand Prix",30,"Michael Schumacher",NULL,NULL,"00:01:40.19"
1999,175,"Australian Grand Prix",30,"Michael Schumacher",NULL,NULL,"00:01:32.112"
1999,176,"Brazilian Grand Prix",57,"Mika Häkkinen",1,"McLaren","00:01:18.448"
1999,177,"San Marino Grand Prix",30,"Michael Schumacher",6,"Ferrari","00:01:28.547"
1999,178,"Monaco Grand Prix",57,"Mika Häkkinen",1,"McLaren","00:01:22.259"
1999,179,"Spanish Grand Prix",30,"Michael Schumacher",6,"Ferrari","00:01:24.982"
1999,180,"Canadian Grand Prix",56,"Eddie Irvine",6,"Ferrari","00:01:20.382"
1999,181,"French Grand Prix",14,"David Coulthard",NULL,NULL,"00:01:19.227"
1999,182,"British Grand Prix",57,"Mika Häkkinen",NULL,NULL,"00:01:28.309"
1999,183,"Austrian Grand Prix",57,"Mika Häkkinen",1,"McLaren","00:01:12.107"
1999,184,"German Grand Prix",14,"David Coulthard",NULL,NULL,"00:01:45.27"
1999,185,"Hungarian Grand Prix",14,"David Coulthard",1,"McLaren","00:01:20.699"
1999,186,"Belgian Grand Prix",57,"Mika Häkkinen",1,"McLaren","00:01:53.955"
1999,187,"Italian Grand Prix",23,"Ralf Schumacher",3,"Williams","00:01:25.579"
1999,188,"European Grand Prix",57,"Mika Häkkinen",NULL,NULL,"00:01:21.282"
1999,189,"Malaysian Grand Prix",30,"Michael Schumacher",6,"Ferrari","00:01:40.267"
1999,190,"Japanese Grand Prix",30,"Michael Schumacher",6,"Ferrari","00:01:41.319"
2000,158,"Australian Grand Prix",22,"Rubens Barrichello",6,"Ferrari","00:01:31.481"
2000,159,"Brazilian Grand Prix",30,"Michael Schumacher",6,"Ferrari","00:01:14.755"
2000,160,"San Marino Grand Prix",57,"Mika Häkkinen",1,"McLaren","00:01:26.523"
2000,161,"British Grand Prix",57,"Mika Häkkinen",1,"McLaren","00:01:26.217"
2000,162,"Spanish Grand Prix",57,"Mika Häkkinen",1,"McLaren","00:01:24.47"
2000,163,"European Grand Prix",30,"Michael Schumacher",6,"Ferrari","00:01:22.269"
2000,164,"Monaco Grand Prix",57,"Mika Häkkinen",NULL,NULL,"00:01:21.571"
2000,165,"Canadian Grand Prix",57,"Mika Häkkinen",NULL,NULL,"00:01:19.049"
2000,166,"French Grand Prix",14,"David Coulthard",1,"McLaren","00:01:19.479"
2000,167,"Austrian Grand Prix",14,"David Coulthard",1,"McLaren","00:01:11.783"
2000,168,"German Grand Prix",22,"Rubens Barrichello",6,"Ferrari","00:01:44.3"
2000,169,"Hungarian Grand Prix",57,"Mika Häkkinen",1,"McLaren","00:01:20.028"
2000,170,"Belgian Grand Prix",22,"Rubens Barrichello",NULL,NULL,"00:01:53.803"
2000,171,"Italian Grand Prix",57,"Mika Häkkinen",1,"McLaren","00:01:25.595"
2000,172,"United States Grand Prix",14,"David Coulthard",NULL,NULL,"00:01:14.711"
2000,173,"Japanese Grand Prix",57,"Mika Häkkinen",1,"McLaren","00:01:39.189"
2000,174,"Malaysian Grand Prix",57,"Mika Häkkinen",NULL,NULL,"00:01:38.543"
2001,141,"Australian Grand Prix",30,"Michael Schumacher",6,"Ferrari","00:01:28.214"
2001,142,"Malaysian Grand Prix",57,"Mika Häkkinen",NULL,NULL,"00:01:40.962"
2001,143,"Brazilian Grand Prix",23,"Ralf Schumacher",NULL,NULL,"00:01:15.693"
2001,144,"San Marino Grand Prix",23,"Ralf Schumacher",3,"Williams","00:01:25.524"
2001,145,"Spanish Grand Prix",30,"Michael Schumacher",6,"Ferrari","00:01:21.151"
2001,146,"Austrian Grand Prix",14,"David Coulthard",1,"McLaren","00:01:10.843"
2001,147,"Monaco Grand Prix",14,"David Coulthard",NULL,NULL,"00:01:19.424"
2001,148,"Canadian Grand Prix",23,"Ralf Schumacher",3,"Williams","00:01:17.205"
2001,149,"European Grand Prix",31,"Juan Pablo Montoya",3,"Williams","00:01:18.354"
2001,150,"French Grand Prix",14,"David Coulthard",NULL,NULL,"00:01:16.088"
2001,151,"British Grand Prix",57,"Mika Häkkinen",1,"McLaren","00:01:23.405"
2001,152,"German Grand Prix",31,"Juan Pablo Montoya",NULL,NULL,"00:01:41.808"
2001,153,"Hungarian Grand Prix",57,"Mika Häkkinen",NULL,NULL,"00:01:16.723"
2001,154,"Belgian Grand Prix",30,"Michael Schumacher",6,"Ferrari","00:01:49.758"
2001,155,"Italian Grand Prix",23,"Ralf Schumacher",3,"Williams","00:01:25.073"
2001,156,"United States Grand Prix",31,"Juan Pablo Montoya",NULL,NULL,"00:01:14.448"
2001,157,"Japanese Grand Prix",31,"Juan Pablo Montoya",3,"Williams","00:01:36.45"
2002,124,"Australian Grand Prix",8,"Kimi Räikkönen",1,"McLaren","00:01:28.541"
2002,125,"Malaysian Grand Prix",31,"Juan Pablo Montoya",3,"Williams","00:01:38.049"
2002,126,"Brazilian Grand Prix",31,"Juan Pablo Montoya",NULL,NULL,"00:01:16.079"
2002,127,"San Marino Grand Prix",22,"Rubens Barrichello",6,"Ferrari","00:01:24.17"
2002,128,"Spanish Grand Prix",30,"Michael Schumacher",6,"Ferrari","00:01:20.355"
2002,129,"Austrian Grand Prix",30,"Michael Schumacher",6,"Ferrari","00:01:09.298"
2002,130,"Monaco Grand Prix",22,"Rubens Barrichello",NULL,NULL,"00:01:18.023"
2002,131,"Canadian Grand Prix",31,"Juan Pablo Montoya",NULL,NULL,"00:01:15.96"
2002,132,"European Grand Prix",30,"Michael Schumacher",6,"Ferrari","00:01:32.226"
2002,133,"British Grand Prix",22,"Rubens Barrichello",6,"Ferrari","00:01:23.083"
2002,134,"French Grand Prix",14,"David Coulthard",1,"McLaren","00:01:15.045"
2002,135,"German Grand Prix",30,"Michael Schumacher",6,"Ferrari","00:01:16.462"
2002,136,"Hungarian Grand Prix",30,"Michael Schumacher",6,"Ferrari","00:01:16.207"
2002,137,"Belgian Grand Prix",30,"Michael Schumacher",6,"Ferrari","00:01:47.176"
2002,138,"Italian Grand Prix",22,"Rubens Barrichello",6,"Ferrari","00:01:23.657"
2002,139,"United States Grand Prix",22,"Rubens Barrichello",6,"Ferrari","00:01:12.738"
2002,140,"Japanese Grand Prix",30,"Michael Schumacher",6,"Ferrari","00:01:36.125"
2003,108,"Australian Grand Prix",8,"Kimi Räikkönen",1,"McLaren","00:01:27.724"
2003,109,"Malaysian Grand Prix",30,"Michael Schumacher",NULL,NULL,"00:01:36.412"
2003,110,"Brazilian Grand Prix",22,"Rubens Barrichello",NULL,NULL,"00:01:22.032"
2003,111,"San Marino Grand Prix",30,"Michael Schumacher",6,"Ferrari","00:01:22.491"
2003,112,"Spanish Grand Prix",22,"Rubens Barrichello",6,"Ferrari","00:01:20.143"
2003,113,"Austrian Grand Prix",30,"Michael Schumacher",6,"Ferrari","00:01:08.337"
2003,114,"Monaco Grand Prix",8,"Kimi Räikkönen",1,"McLaren","00:01:14.545"
2003,115,"Canadian Grand Prix",4,"Fernando Alonso",NULL,NULL,"00:01:16.04"
2003,116,"European Grand Prix",8,"Kimi Räikkönen",NULL,NULL,"00:01:32.621"
2003,117,"French Grand Prix",31,"Juan Pablo Montoya",3,"Williams","00:01:15.512"
2003,118,"British Grand Prix",22,"Rubens Barrichello",6,"Ferrari","00:01:22.236"
2003,119,"German Grand Prix",31,"Juan Pablo Montoya",3,"Williams","00:01:14.917"
2003,120,"Hungarian Grand Prix",31,"Juan Pablo Montoya",3,"Williams","00:01:22.095"
2003,121,"Italian Grand Prix",30,"Michael Schumacher",6,"Ferrari","00:01:21.832"
2003,122,"United States Grand Prix",30,"Michael Schumacher",6,"Ferrari","00:01:11.473"
2003,123,"Japanese Grand Prix",23,"Ralf Schumacher",NULL,NULL,"00:01:33.408"
2004,90,"Australian Grand Prix",30,"Michael Schumacher",6,"Ferrari","00:01:24.125"
2004,91,"Malaysian Grand Prix",31,"Juan Pablo Montoya",3,"Williams","00:01:34.223"
2004,92,"Bahrain Grand Prix",30,"Michael Schumacher",6,"Ferrari","00:01:30.252"
2004,93,"San Marino Grand Prix",30,"Michael Schumacher",6,"Ferrari","00:01:20.411"
2004,94,"Spanish Grand Prix",30,"Michael Schumacher",6,"Ferrari","00:01:17.45"
2004,95,"Monaco Grand Prix",30,"Michael Schumacher",NULL,NULL,"00:01:14.439"
2004,96,"European Grand Prix",30,"Michael Schumacher",6,"Ferrari","00:01:29.468"
2004,97,"Canadian Grand Prix",22,"Rubens Barrichello",6,"Ferrari","00:01:13.622"
2004,98,"United States Grand Prix",22,"Rubens Barrichello",6,"Ferrari","00:01:10.399"
2004,99,"French Grand Prix",30,"Michael Schumacher",6,"Ferrari","00:01:15.377"
2004,100,"British Grand Prix",30,"Michael Schumacher",6,"Ferrari","00:01:18.739"
2004,101,"German Grand Prix",8,"Kimi Räikkönen",NULL,NULL,"00:01:13.78"
2004,102,"Hungarian Grand Prix",30,"Michael Schumacher",6,"Ferrari","00:01:19.071"
2004,103,"Belgian Grand Prix",8,"Kimi Räikkönen",1,"McLaren","00:01:45.108"
2004,104,"Italian Grand Prix",22,"Rubens Barrichello",6,"Ferrari","00:01:21.046"
2004,105,"Chinese Grand Prix",30,"Michael Schumacher",NULL,NULL,"00:01:32.238"
2004,106,"Japanese Grand Prix",22,"Rubens Barrichello",NULL,NULL,"00:01:32.73"
2004,107,"Brazilian Grand Prix",31,"Juan Pablo Montoya",3,"Williams","00:01:11.473"
2005,71,"Australian Grand Prix",4,"Fernando Alonso",4,"Renault","00:01:25.683"
2005,72,"Malaysian Grand Prix",8,"Kimi Räikkönen",NULL,NULL,"00:01:35.483"
2005,73,"Bahrain Grand Prix",37,"Pedro de la Rosa",NULL,NULL,"00:01:31.447"
2005,74,"San Marino Grand Prix",30,"Michael Schumacher",6,"Ferrari","00:01:21.858"
2005,75,"Spanish Grand Prix",21,"Giancarlo Fisichella",NULL,NULL,"00:01:15.641"
2005,76,"Monaco Grand Prix",30,"Michael Schumacher",NULL,NULL,"00:01:15.842"
2005,77,"European Grand Prix",4,"Fernando Alonso",4,"Renault","00:01:30.711"
2005,78,"Canadian Grand Prix",8,"Kimi Räikkönen",1,"McLaren","00:01:14.384"
2005,79,"United States Grand Prix",30,"Michael Schumacher",6,"Ferrari","00:01:11.497"
2005,80,"French Grand Prix",8,"Kimi Räikkönen",1,"McLaren","00:01:16.423"
2005,81,"British Grand Prix",8,"Kimi Räikkönen",1,"McLaren","00:01:20.502"
2005,82,"German Grand Prix",8,"Kimi Räikkönen",NULL,NULL,"00:01:14.873"
2005,83,"Hungarian Grand Prix",8,"Kimi Räikkönen",1,"McLaren","00:01:21.219"
2005,84,"Turkish Grand Prix",31,"Juan Pablo Montoya",1,"McLaren","00:01:24.77"
2005,85,"Italian Grand Prix",8,"Kimi Räikkönen",NULL,NULL,"00:01:21.504"
2005,86,"Belgian Grand Prix",23,"Ralf Schumacher",NULL,NULL,"00:01:51.453"
2005,87,"Brazilian Grand Prix",8,"Kimi Räikkönen",1,"McLaren","00:01:12.268"
2005,88,"Japanese Grand Prix",8,"Kimi Räikkönen",1,"McLaren","00:01:31.54"
2005,89,"Chinese Grand Prix",8,"Kimi Räikkönen",1,"McLaren","00:01:33.242"
2006,53,"Bahrain Grand Prix",3,"Nico Rosberg",NULL,NULL,"00:01:32.408"
2006,54,"Malaysian Grand Prix",4,"Fernando Alonso",4,"Renault","00:01:34.803"
2006,55,"Australian Grand Prix",8,"Kimi Räikkönen",1,"McLaren","00:01:26.045"
2006,56,"San Marino Grand Prix",4,"Fernando Alonso",4,"Renault","00:01:24.569"
2006,57,"European Grand Prix",30,"Michael Schumacher",6,"Ferrari","00:01:32.099"
2006,58,"Spanish Grand Prix",13,"Felipe Massa",NULL,NULL,"00:01:16.648"
2006,59,"Monaco Grand Prix",30,"Michael Schumacher",NULL,NULL,"00:01:15.143"
2006,60,"British Grand Prix",4,"Fernando Alonso",4,"Renault","00:01:21.599"
2006,61,"Canadian Grand Prix",8,"Kimi Räikkönen",1,"McLaren","00:01:15.841"
2006,62,"United States Grand Prix",30,"Michael Schumacher",6,"Ferrari","00:01:12.719"
2006,63,"French Grand Prix",30,"Michael Schumacher",6,"Ferrari","00:01:17.111"
2006,64,"German Grand Prix",30,"Michael Schumacher",6,"Ferrari","00:01:16.357"
2006,65,"Hungarian Grand Prix",13,"Felipe Massa",NULL,NULL,"00:01:23.516"
2006,66,"Turkish Grand Prix",30,"Michael Schumacher",6,"Ferrari","00:01:28.005"
2006,67,"Italian Grand Prix",8,"Kimi Räikkönen",1,"McLaren","00:01:22.559"
2006,68,"Chinese Grand Prix",4,"Fernando Alonso",4,"Renault","00:01:37.586"
2006,69,"Japanese Grand Prix",4,"Fernando Alonso",4,"Renault","00:01:32.676"
2006,70,"Brazilian Grand Prix",30,"Michael Schumacher",NULL,NULL,"00:01:12.162"
2007,36,"Australian Grand Prix",8,"Kimi Räikkönen",6,"Ferrari","00:01:25.235"
2007,37,"Malaysian Grand Prix",1,"Lewis Hamilton",1,"McLaren","00:01:36.701"
2007,38,"Bahrain Grand Prix",13,"Felipe Massa",6,"Ferrari","00:01:34.067"
2007,39,"Spanish Grand Prix",13,"Felipe Massa",6,"Ferrari","00:01:22.68"
2007,40,"Monaco Grand Prix",4,"Fernando Alonso",1,"McLaren","00:01:15.284"
2007,41,"Canadian Grand Prix",4,"Fernando Alonso",NULL,NULL,"00:01:16.367"
2007,42,"United States Grand Prix",8,"Kimi Räikkönen",NULL,NULL,"00:01:13.117"
2007,43,"French Grand Prix",13,"Felipe Massa",6,"Ferrari","00:01:16.099"
2007,44,"British Grand Prix",8,"Kimi Räikkönen",6,"Ferrari","00:01:20.638"
2007,45,"European Grand Prix",13,"Felipe Massa",6,"Ferrari","00:01:32.853"
2007,46,"Hungarian Grand Prix",8,"Kimi Räikkönen",6,"Ferrari","00:01:20.047"
2007,47,"Turkish Grand Prix",8,"Kimi Räikkönen",6,"Ferrari","00:01:27.295"
2007,48,"Italian Grand Prix",4,"Fernando Alonso",1,"McLaren","00:01:22.871"
2007,49,"Belgian Grand Prix",13,"Felipe Massa",6,"Ferrari","00:01:48.036"
2007,50,"Japanese Grand Prix",1,"Lewis Hamilton",1,"McLaren","00:01:28.193"
2007,51,"Chinese Grand Prix",13,"Felipe Massa",6,"Ferrari","00:01:37.454"
2007,52,"Brazilian Grand Prix",8,"Kimi Räikkönen",6,"Ferrari","00:01:12.445"
2008,18,"Australian Grand Prix",5,"Heikki Kovalainen",NULL,NULL,"00:01:27.418"
2008,19,"Malaysian Grand Prix",2,"Nick Heidfeld",NULL,NULL,"00:01:35.366"
2008,20,"Bahrain Grand Prix",5,"Heikki Kovalainen",NULL,NULL,"00:01:33.193"
2008,21,"Spanish Grand Prix",8,"Kimi Räikkönen",6,"Ferrari","00:01:21.67"
2008,22,"Turkish Grand Prix",8,"Kimi Räikkönen",6,"Ferrari","00:01:26.506"
2008,23,"Monaco Grand Prix",8,"Kimi Räikkönen",NULL,NULL,"00:01:16.689"
2008,24,"Canadian Grand Prix",8,"Kimi Räikkönen",NULL,NULL,"00:01:17.387"
2008,25,"French Grand Prix",8,"Kimi Räikkönen",6,"Ferrari","00:01:16.63"
2008,26,"British Grand Prix",8,"Kimi Räikkönen",NULL,NULL,"00:01:32.15"
2008,27,"German Grand Prix",2,"Nick Heidfeld",NULL,NULL,"00:01:15.987"
2008,28,"Hungarian Grand Prix",8,"Kimi Räikkönen",6,"Ferrari","00:01:21.195"
2008,29,"European Grand Prix",13,"Felipe Massa",6,"Ferrari","00:01:38.708"
2008,30,"Belgian Grand Prix",8,"Kimi Räikkönen",NULL,NULL,"00:01:47.93"
2008,31,"Italian Grand Prix",8,"Kimi Räikkönen",NULL,NULL,"00:01:28.047"
2008,32,"Singapore Grand Prix",8,"Kimi Räikkönen",NULL,NULL,"00:01:45.599"
2008,33,"Japanese Grand Prix",13,"Felipe Massa",NULL,NULL,"00:01:18.426"
2008,34,"Chinese Grand Prix",1,"Lewis Hamilton",1,"McLaren","00:01:36.325"
2008,35,"Brazilian Grand Prix",13,"Felipe Massa",6,"Ferrari","00:01:13.736"
2009,1,"Australian Grand Prix",3,"Nico Rosberg",NULL,NULL,"00:01:27.706"
2009,2,"Malaysian Grand Prix",18,"Jenson Button",23,"Brawn","00:01:36.641"
2009,3,"Chinese Grand Prix",22,"Rubens Barrichello",NULL,NULL,"00:01:52.592"
2009,4,"Bahrain Grand Prix",15,"Jarno Trulli",7,"Toyota","00:01:34.556"
2009,5,"Spanish Grand Prix",22,"Rubens Barrichello",23,"Brawn","00:01:22.762"
2009,6,"Monaco Grand Prix",13,"Felipe Massa",NULL,NULL,"00:01:15.154"
2009,7,"Turkish Grand Prix",18,"Jenson Button",23,"Brawn","00:01:27.579"
2009,8,"British Grand Prix",20,"Sebastian Vettel",9,"Red Bull","00:01:20.735"
2009,9,"German Grand Prix",4,"Fernando Alonso",NULL,NULL,"00:01:33.365"
2009,10,"Hungarian Grand Prix",17,"Mark Webber",9,"Red Bull","00:01:21.931"
2009,11,"European Grand Prix",10,"Timo Glock",NULL,NULL,"00:01:38.683"
2009,12,"Belgian Grand Prix",20,"Sebastian Vettel",9,"Red Bull","00:01:47.263"
2009,13,"Italian Grand Prix",16,"Adrian Sutil",NULL,NULL,"00:01:24.739"
2009,14,"Singapore Grand Prix",4,"Fernando Alonso",4,"Renault","00:01:48.24"
2009,15,"Japanese Grand Prix",17,"Mark Webber",NULL,NULL,"00:01:32.569"
2009,16,"Brazilian Grand Prix",17,"Mark Webber",9,"Red Bull","00:01:13.733"
2009,17,"Abu Dhabi Grand Prix",20,"Sebastian Vettel",9,"Red Bull","00:01:40.279"
2010,337,"Bahrain Grand Prix",4,"Fernando Alonso",6,"Ferrari","00:01:58.287"
2010,338,"Australian Grand Prix",17,"Mark Webber",NULL,NULL,"00:01:28.358"
2010,339,"Malaysian Grand Prix",17,"Mark Webber",9,"Red Bull","00:01:37.054"
2010,340,"Chinese Grand Prix",1,"Lewis Hamilton",1,"McLaren","00:01:42.061"
2010,341,"Spanish Grand Prix",1,"Lewis Hamilton",NULL,NULL,"00:01:24.357"
2010,342,"Monaco Grand Prix",20,"Sebastian Vettel",9,"Red Bull","00:01:15.192"
2010,343,"Turkish Grand Prix",808,"Vitaly Petrov",NULL,NULL,"00:01:29.165"
2010,344,"Canadian Grand Prix",9,"Robert Kubica",NULL,NULL,"00:01:16.972"
2010,345,"European Grand Prix",18,"Jenson Button",1,"McLaren","00:01:38.766"
2010,346,"British Grand Prix",4,"Fernando Alonso",NULL,NULL,"00:01:30.874"
2010,347,"German Grand Prix",20,"Sebastian Vettel",9,"Red Bull","00:01:15.824"
2010,348,"Hungarian Grand Prix",20,"Sebastian Vettel",9,"Red Bull","00:01:22.362"
2010,349,"Belgian Grand Prix",1,"Lewis Hamilton",1,"McLaren","00:01:49.069"
2010,350,"Italian Grand Prix",4,"Fernando Alonso",6,"Ferrari","00:01:24.139"
2010,351,"Singapore Grand Prix",4,"Fernando Alonso",6,"Ferrari","00:01:47.976"
2010,352,"Japanese Grand Prix",17,"Mark Webber",9,"Red Bull","00:01:33.474"
2010,353,"Korean Grand Prix",4,"Fernando Alonso",6,"Ferrari","00:01:50.257"
2010,354,"Brazilian Grand Prix",1,"Lewis Hamilton",NULL,NULL,"00:01:13.851"
2010,355,"Abu Dhabi Grand Prix",1,"Lewis Hamilton",1,"McLaren","00:01:41.274"
2011,841,"Australian Grand Prix",13,"Felipe Massa",NULL,NULL,"00:01:28.947"
2011,842,"Malaysian Grand Prix",17,"Mark Webber",NULL,NULL,"00:01:40.571"
2011,843,"Chinese Grand Prix",17,"Mark Webber",9,"Red Bull","00:01:38.993"
2011,844,"Turkish Grand Prix",17,"Mark Webber",9,"Red Bull","00:01:29.703"
2011,845,"Spanish Grand Prix",1,"Lewis Hamilton",1,"McLaren","00:01:26.727"
2011,846,"Monaco Grand Prix",17,"Mark Webber",NULL,NULL,"00:01:16.234"
2011,847,"Canadian Grand Prix",18,"Jenson Button",1,"McLaren","00:01:16.956"
2011,848,"European Grand Prix",20,"Sebastian Vettel",9,"Red Bull","00:01:41.852"
2011,849,"British Grand Prix",4,"Fernando Alonso",6,"Ferrari","00:01:33.391"
2011,850,"German Grand Prix",1,"Lewis Hamilton",1,"McLaren","00:01:34.302"
2011,851,"Hungarian Grand Prix",13,"Felipe Massa",NULL,NULL,"00:01:23.415"
2011,852,"Belgian Grand Prix",17,"Mark Webber",9,"Red Bull","00:01:49.883"
2011,853,"Italian Grand Prix",1,"Lewis Hamilton",NULL,NULL,"00:01:26.187"
2011,854,"Singapore Grand Prix",18,"Jenson Button",1,"McLaren","00:01:48.454"
2011,855,"Japanese Grand Prix",18,"Jenson Button",1,"McLaren","00:01:36.568"
2011,856,"Korean Grand Prix",20,"Sebastian Vettel",9,"Red Bull","00:01:39.605"
2011,857,"Indian Grand Prix",20,"Sebastian Vettel",9,"Red Bull","00:01:27.249"
2011,858,"Abu Dhabi Grand Prix",17,"Mark Webber",NULL,NULL,"00:01:42.612"
2011,859,"Brazilian Grand Prix",17,"Mark Webber",9,"Red Bull","00:01:15.324"
2012,860,"Australian Grand Prix",18,"Jenson Button",1,"McLaren","00:01:29.187"
2012,861,"Malaysian Grand Prix",8,"Kimi Räikkönen",NULL,NULL,"00:01:40.722"
2012,862,"Chinese Grand Prix",155,"Kamui Kobayashi",NULL,NULL,"00:01:39.96"
2012,863,"Bahrain Grand Prix",20,"Sebastian Vettel",9,"Red Bull","00:01:36.379"
2012,864,"Spanish Grand Prix",154,"Romain Grosjean",NULL,NULL,"00:01:26.25"
2012,865,"Monaco Grand Prix",815,"Sergio Pérez",NULL,NULL,"00:01:17.296"
2012,866,"Canadian Grand Prix",20,"Sebastian Vettel",NULL,NULL,"00:01:15.752"
2012,867,"European Grand Prix",3,"Nico Rosberg",NULL,NULL,"00:01:42.163"
2012,868,"British Grand Prix",155,"Kamui Kobayashi",NULL,NULL,"00:01:34.608"
2012,869,"German Grand Prix",30,"Michael Schumacher",NULL,NULL,"00:01:18.725"
2012,870,"Hungarian Grand Prix",20,"Sebastian Vettel",NULL,NULL,"00:01:24.136"
2012,871,"Belgian Grand Prix",811,"Bruno Senna",NULL,NULL,"00:01:52.822"
2012,872,"Italian Grand Prix",3,"Nico Rosberg",NULL,NULL,"00:01:27.239"
2012,873,"Singapore Grand Prix",807,"Nico Hülkenberg",NULL,NULL,"00:01:51.033"
2012,874,"Japanese Grand Prix",20,"Sebastian Vettel",9,"Red Bull","00:01:35.774"
2012,875,"Korean Grand Prix",17,"Mark Webber",9,"Red Bull","00:01:42.037"
2012,876,"Indian Grand Prix",18,"Jenson Button",NULL,NULL,"00:01:28.203"
2012,877,"Abu Dhabi Grand Prix",20,"Sebastian Vettel",9,"Red Bull","00:01:43.964"
2012,878,"United States Grand Prix",20,"Sebastian Vettel",9,"Red Bull","00:01:39.347"
2012,879,"Brazilian Grand Prix",1,"Lewis Hamilton",NULL,NULL,"00:01:18.069"
2013,880,"Australian Grand Prix",8,"Kimi Räikkönen",208,"Lotus F1","00:01:29.274"
2013,881,"Malaysian Grand Prix",815,"Sergio Pérez",NULL,NULL,"00:01:39.199"
2013,882,"Chinese Grand Prix",20,"Sebastian Vettel",NULL,NULL,"00:01:36.808"
2013,883,"Bahrain Grand Prix",20,"Sebastian Vettel",9,"Red Bull","00:01:36.961"
2013,884,"Spanish Grand Prix",821,"Esteban Gutiérrez",NULL,NULL,"00:01:26.217"
2013,885,"Monaco Grand Prix",20,"Sebastian Vettel",9,"Red Bull","00:01:16.577"
2013,886,"Canadian Grand Prix",17,"Mark Webber",NULL,NULL,"00:01:16.182"
2013,887,"British Grand Prix",17,"Mark Webber",9,"Red Bull","00:01:33.401"
2013,888,"German Grand Prix",4,"Fernando Alonso",NULL,NULL,"00:01:33.468"
2013,890,"Hungarian Grand Prix",17,"Mark Webber",NULL,NULL,"00:01:24.069"
2013,891,"Belgian Grand Prix",20,"Sebastian Vettel",9,"Red Bull","00:01:50.756"
2013,892,"Italian Grand Prix",1,"Lewis Hamilton",NULL,NULL,"00:01:25.849"
2013,893,"Singapore Grand Prix",20,"Sebastian Vettel",9,"Red Bull","00:01:48.574"
2013,894,"Korean Grand Prix",20,"Sebastian Vettel",9,"Red Bull","00:01:41.38"
2013,895,"Japanese Grand Prix",17,"Mark Webber",9,"Red Bull","00:01:34.587"
2013,896,"Indian Grand Prix",8,"Kimi Räikkönen",NULL,NULL,"00:01:27.679"
2013,897,"Abu Dhabi Grand Prix",4,"Fernando Alonso",NULL,NULL,"00:01:43.434"
2013,898,"United States Grand Prix",20,"Sebastian Vettel",9,"Red Bull","00:01:39.856"
2013,899,"Brazilian Grand Prix",17,"Mark Webber",9,"Red Bull","00:01:15.436"
2014,900,"Australian Grand Prix",3,"Nico Rosberg",131,"Mercedes","00:01:32.478"
2014,901,"Malaysian Grand Prix",1,"Lewis Hamilton",131,"Mercedes","00:01:43.066"
2014,902,"Bahrain Grand Prix",3,"Nico Rosberg",131,"Mercedes","00:01:37.02"
2014,903,"Chinese Grand Prix",3,"Nico Rosberg",131,"Mercedes","00:01:40.402"
2014,904,"Spanish Grand Prix",20,"Sebastian Vettel",NULL,NULL,"00:01:28.918"
2014,905,"Monaco Grand Prix",8,"Kimi Räikkönen",NULL,NULL,"00:01:18.479"
2014,906,"Canadian Grand Prix",13,"Felipe Massa",NULL,NULL,"00:01:18.504"
2014,907,"Austrian Grand Prix",815,"Sergio Pérez",NULL,NULL,"00:01:12.142"
2014,908,"British Grand Prix",1,"Lewis Hamilton",131,"Mercedes","00:01:37.176"
2014,909,"German Grand Prix",1,"Lewis Hamilton",131,"Mercedes","00:01:19.908"
2014,910,"Hungarian Grand Prix",3,"Nico Rosberg",NULL,NULL,"00:01:25.724"
2014,911,"Belgian Grand Prix",3,"Nico Rosberg",131,"Mercedes","00:01:50.511"
2014,912,"Italian Grand Prix",1,"Lewis Hamilton",131,"Mercedes","00:01:28.004"
2014,913,"Singapore Grand Prix",1,"Lewis Hamilton",131,"Mercedes","00:01:50.417"
2014,914,"Japanese Grand Prix",1,"Lewis Hamilton",131,"Mercedes","00:01:51.6"
2014,915,"Russian Grand Prix",822,"Valtteri Bottas",3,"Williams","00:01:40.896"
2014,916,"United States Grand Prix",20,"Sebastian Vettel",NULL,NULL,"00:01:41.379"
2014,917,"Brazilian Grand Prix",1,"Lewis Hamilton",131,"Mercedes","00:01:13.555"
2014,918,"Abu Dhabi Grand Prix",817,"Daniel Ricciardo",NULL,NULL,"00:01:44.496"
2015,926,"Australian Grand Prix",1,"Lewis Hamilton",131,"Mercedes","00:01:30.945"
2015,927,"Malaysian Grand Prix",3,"Nico Rosberg",131,"Mercedes","00:01:42.062"
2015,928,"Chinese Grand Prix",1,"Lewis Hamilton",131,"Mercedes","00:01:42.208"
2015,929,"Bahrain Grand Prix",8,"Kimi Räikkönen",6,"Ferrari","00:01:36.311"
2015,930,"Spanish Grand Prix",1,"Lewis Hamilton",131,"Mercedes","00:01:28.27"
2015,931,"Monaco Grand Prix",817,"Daniel Ricciardo",NULL,NULL,"00:01:18.063"
2015,932,"Canadian Grand Prix",8,"Kimi Räikkönen",NULL,NULL,"00:01:16.987"
2015,933,"Austrian Grand Prix",3,"Nico Rosberg",131,"Mercedes","00:01:11.235"
2015,934,"British Grand Prix",822,"Valtteri Bottas",NULL,NULL,"00:01:36.61"
2015,936,"Hungarian Grand Prix",817,"Daniel Ricciardo",9,"Red Bull","00:01:24.821"
2015,937,"Belgian Grand Prix",3,"Nico Rosberg",131,"Mercedes","00:01:52.416"
2015,938,"Italian Grand Prix",1,"Lewis Hamilton",131,"Mercedes","00:01:26.672"
2015,939,"Singapore Grand Prix",817,"Daniel Ricciardo",9,"Red Bull","00:01:50.041"
2015,940,"Japanese Grand Prix",1,"Lewis Hamilton",131,"Mercedes","00:01:36.145"
2015,941,"Russian Grand Prix",20,"Sebastian Vettel",6,"Ferrari","00:01:40.071"
2015,942,"United States Grand Prix",3,"Nico Rosberg",131,"Mercedes","00:01:40.666"
2015,943,"Mexican Grand Prix",3,"Nico Rosberg",131,"Mercedes","00:01:20.521"
2015,944,"Brazilian Grand Prix",1,"Lewis Hamilton",131,"Mercedes","00:01:14.832"
2015,945,"Abu Dhabi Grand Prix",1,"Lewis Hamilton",131,"Mercedes","00:01:44.517"
2016,948,"Australian Grand Prix",817,"Daniel Ricciardo",NULL,NULL,"00:01:28.997"
2016,949,"Bahrain Grand Prix",3,"Nico Rosberg",131,"Mercedes","00:01:34.482"
2016,950,"Chinese Grand Prix",807,"Nico Hülkenberg",NULL,NULL,"00:01:39.824"
2016,951,"Russian Grand Prix",3,"Nico Rosberg",131,"Mercedes","00:01:39.094"
2016,952,"Spanish Grand Prix",826,"Daniil Kvyat",NULL,NULL,"00:01:26.948"
2016,953,"Monaco Grand Prix",1,"Lewis Hamilton",131,"Mercedes","00:01:17.939"
2016,954,"Canadian Grand Prix",3,"Nico Rosberg",NULL,NULL,"00:01:15.599"
2016,955,"European Grand Prix",3,"Nico Rosberg",131,"Mercedes","00:01:46.485"
2016,956,"Austrian Grand Prix",1,"Lewis Hamilton",131,"Mercedes","00:01:08.411"
2016,957,"British Grand Prix",3,"Nico Rosberg",131,"Mercedes","00:01:35.548"
2016,958,"Hungarian Grand Prix",8,"Kimi Räikkönen",NULL,NULL,"00:01:23.086"
2016,959,"German Grand Prix",817,"Daniel Ricciardo",9,"Red Bull","00:01:18.442"
2016,960,"Belgian Grand Prix",1,"Lewis Hamilton",131,"Mercedes","00:01:51.583"
2016,961,"Italian Grand Prix",4,"Fernando Alonso",NULL,NULL,"00:01:25.34"
2016,962,"Singapore Grand Prix",817,"Daniel Ricciardo",9,"Red Bull","00:01:47.187"
2016,963,"Malaysian Grand Prix",3,"Nico Rosberg",131,"Mercedes","00:01:36.424"
2016,964,"Japanese Grand Prix",20,"Sebastian Vettel",NULL,NULL,"00:01:35.118"
2016,965,"United States Grand Prix",20,"Sebastian Vettel",NULL,NULL,"00:01:39.877"
2016,966,"Mexican Grand Prix",817,"Daniel Ricciardo",9,"Red Bull","00:01:21.134"
2016,967,"Brazilian Grand Prix",830,"Max Verstappen",9,"Red Bull","00:01:25.305"
2016,968,"Abu Dhabi Grand Prix",20,"Sebastian Vettel",6,"Ferrari","00:01:43.729"
2017,969,"Australian Grand Prix",8,"Kimi Räikkönen",NULL,NULL,"00:01:26.538"
2017,970,"Chinese Grand Prix",1,"Lewis Hamilton",131,"Mercedes","00:01:35.378"
2017,971,"Bahrain Grand Prix",1,"Lewis Hamilton",131,"Mercedes","00:01:32.798"
2017,972,"Russian Grand Prix",8,"Kimi Räikkönen",6,"Ferrari","00:01:36.844"
2017,973,"Spanish Grand Prix",1,"Lewis Hamilton",131,"Mercedes","00:01:23.593"
2017,974,"Monaco Grand Prix",815,"Sergio Pérez",NULL,NULL,"00:01:14.82"
2017,975,"Canadian Grand Prix",1,"Lewis Hamilton",131,"Mercedes","00:01:14.551"
2017,976,"Azerbaijan Grand Prix",20,"Sebastian Vettel",NULL,NULL,"00:01:43.441"
2017,977,"Austrian Grand Prix",1,"Lewis Hamilton",NULL,NULL,"00:01:07.411"
2017,978,"British Grand Prix",1,"Lewis Hamilton",131,"Mercedes","00:01:30.621"
2017,979,"Hungarian Grand Prix",4,"Fernando Alonso",NULL,NULL,"00:01:20.182"
2017,980,"Belgian Grand Prix",20,"Sebastian Vettel",6,"Ferrari","00:01:46.577"
2017,981,"Italian Grand Prix",817,"Daniel Ricciardo",NULL,NULL,"00:01:23.361"
2017,982,"Singapore Grand Prix",1,"Lewis Hamilton",131,"Mercedes","00:01:45.008"
2017,983,"Malaysian Grand Prix",20,"Sebastian Vettel",NULL,NULL,"00:01:34.08"
2017,984,"Japanese Grand Prix",822,"Valtteri Bottas",NULL,NULL,"00:01:33.144"
2017,985,"United States Grand Prix",20,"Sebastian Vettel",6,"Ferrari","00:01:37.766"
2017,986,"Mexican Grand Prix",20,"Sebastian Vettel",NULL,NULL,"00:01:18.785"
2017,987,"Brazilian Grand Prix",830,"Max Verstappen",NULL,NULL,"00:01:11.044"
2017,988,"Abu Dhabi Grand Prix",822,"Valtteri Bottas",131,"Mercedes","00:01:40.65"
2018,989,"Australian Grand Prix",817,"Daniel Ricciardo",NULL,NULL,"00:01:25.945"
2018,990,"Bahrain Grand Prix",822,"Valtteri Bottas",131,"Mercedes","00:01:33.74"
2018,991,"Chinese Grand Prix",817,"Daniel Ricciardo",9,"Red Bull","00:01:35.785"
2018,992,"Azerbaijan Grand Prix",822,"Valtteri Bottas",NULL,NULL,"00:01:45.149"
2018,993,"Spanish Grand Prix",817,"Daniel Ricciardo",NULL,NULL,"00:01:18.441"
2018,994,"Monaco Grand Prix",830,"Max Verstappen",NULL,NULL,"00:01:14.26"
2018,995,"Canadian Grand Prix",830,"Max Verstappen",9,"Red Bull","00:01:13.864"
2018,996,"French Grand Prix",822,"Valtteri Bottas",NULL,NULL,"00:01:34.225"
2018,997,"Austrian Grand Prix",8,"Kimi Räikkönen",6,"Ferrari","00:01:06.957"
2018,998,"British Grand Prix",20,"Sebastian Vettel",6,"Ferrari","00:01:30.696"
2018,999,"German Grand Prix",1,"Lewis Hamilton",131,"Mercedes","00:01:15.545"
2018,1000,"Hungarian Grand Prix",817,"Daniel Ricciardo",NULL,NULL,"00:01:20.012"
2018,1001,"Belgian Grand Prix",822,"Valtteri Bottas",NULL,NULL,"00:01:46.286"
2018,1002,"Italian Grand Prix",1,"Lewis Hamilton",131,"Mercedes","00:01:22.497"
2018,1003,"Singapore Grand Prix",825,"Kevin Magnussen",NULL,NULL,"00:01:41.905"
2018,1004,"Russian Grand Prix",822,"Valtteri Bottas",131,"Mercedes","00:01:35.861"
2018,1005,"Japanese Grand Prix",20,"Sebastian Vettel",NULL,NULL,"00:01:32.318"
2018,1006,"United States Grand Prix",1,"Lewis Hamilton",131,"Mercedes","00:01:37.392"
2018,1007,"Mexican Grand Prix",822,"Valtteri Bottas",NULL,NULL,"00:01:18.741"
2018,1008,"Brazilian Grand Prix",822,"Valtteri Bottas",NULL,NULL,"00:01:10.54"
2018,1009,"Abu Dhabi Grand Prix",20,"Sebastian Vettel",6,"Ferrari","00:01:40.867"
2019,1010,"Australian Grand Prix",822,"Valtteri Bottas",131,"Mercedes","00:01:25.58"
2019,1011,"Bahrain Grand Prix",844,"Charles Leclerc",6,"Ferrari","00:01:33.411"
2019,1012,"Chinese Grand Prix",842,"Pierre Gasly",NULL,NULL,"00:01:34.742"
2019,1013,"Azerbaijan Grand Prix",844,"Charles Leclerc",NULL,NULL,"00:01:43.009"
2019,1014,"Spanish Grand Prix",1,"Lewis Hamilton",131,"Mercedes","00:01:18.492"
2019,1015,"Monaco Grand Prix",842,"Pierre Gasly",NULL,NULL,"00:01:14.279"
2019,1016,"Canadian Grand Prix",822,"Valtteri Bottas",NULL,NULL,"00:01:13.078"
2019,1017,"French Grand Prix",20,"Sebastian Vettel",NULL,NULL,"00:01:32.74"
2019,1018,"Austrian Grand Prix",830,"Max Verstappen",9,"Red Bull","00:01:07.475"
2019,1019,"British Grand Prix",1,"Lewis Hamilton",131,"Mercedes","00:01:27.369"
2019,1020,"German Grand Prix",830,"Max Verstappen",9,"Red Bull","00:01:16.645"
2019,1021,"Hungarian Grand Prix",830,"Max Verstappen",9,"Red Bull","00:01:17.103"
2019,1022,"Belgian Grand Prix",20,"Sebastian Vettel",NULL,NULL,"00:01:46.409"
2019,1023,"Italian Grand Prix",1,"Lewis Hamilton",131,"Mercedes","00:01:21.779"
2019,1024,"Singapore Grand Prix",825,"Kevin Magnussen",NULL,NULL,"00:01:42.301"
2019,1025,"Russian Grand Prix",1,"Lewis Hamilton",131,"Mercedes","00:01:35.761"
2019,1026,"Japanese Grand Prix",1,"Lewis Hamilton",131,"Mercedes","00:01:30.983"
2019,1027,"Mexican Grand Prix",844,"Charles Leclerc",NULL,NULL,"00:01:19.232"
2019,1028,"United States Grand Prix",844,"Charles Leclerc",NULL,NULL,"00:01:36.169"
2019,1029,"Brazilian Grand Prix",822,"Valtteri Bottas",NULL,NULL,"00:01:10.698"
2019,1030,"Abu Dhabi Grand Prix",1,"Lewis Hamilton",131,"Mercedes","00:01:39.283"
2020,1031,"Austrian Grand Prix",846,"Lando Norris",1,"McLaren","00:01:07.475"
2020,1032,"Styrian Grand Prix",832,"Carlos Sainz",NULL,NULL,"00:01:05.619"
2020,1033,"Hungarian Grand Prix",1,"Lewis Hamilton",131,"Mercedes","00:01:16.627"
2020,1034,"British Grand Prix",830,"Max Verstappen",9,"Red Bull","00:01:27.097"
2020,1035,"70th Anniversary Grand Prix",1,"Lewis Hamilton",131,"Mercedes","00:01:28.451"
2020,1036,"Spanish Grand Prix",822,"Valtteri Bottas",131,"Mercedes","00:01:18.183"
2020,1037,"Belgian Grand Prix",817,"Daniel Ricciardo",NULL,NULL,"00:01:47.483"
2020,1038,"Italian Grand Prix",1,"Lewis Hamilton",NULL,NULL,"00:01:22.746"
2020,1039,"Tuscan Grand Prix",1,"Lewis Hamilton",131,"Mercedes","00:01:18.833"
2020,1040,"Russian Grand Prix",822,"Valtteri Bottas",131,"Mercedes","00:01:37.03"
2020,1041,"Eifel Grand Prix",830,"Max Verstappen",9,"Red Bull","00:01:28.139"
2020,1042,"Portuguese Grand Prix",1,"Lewis Hamilton",131,"Mercedes","00:01:18.75"
2020,1043,"Emilia Romagna Grand Prix",1,"Lewis Hamilton",131,"Mercedes","00:01:15.484"
2020,1044,"Turkish Grand Prix",846,"Lando Norris",NULL,NULL,"00:01:36.806"
2020,1045,"Bahrain Grand Prix",830,"Max Verstappen",9,"Red Bull","00:01:32.014"
2020,1046,"Sakhir Grand Prix",847,"George Russell",NULL,NULL,"00:00:55.404"
2020,1047,"Abu Dhabi Grand Prix",817,"Daniel Ricciardo",NULL,NULL,"00:01:40.926"
2021,1051,"Qatar Grand Prix",830,"Max Verstappen",9,"Red Bull","00:01:23.196"
2021,1052,"Bahrain Grand Prix",822,"Valtteri Bottas",131,"Mercedes","00:01:32.09"
2021,1053,"Emilia Romagna Grand Prix",1,"Lewis Hamilton",131,"Mercedes","00:01:16.702"
2021,1054,"Portuguese Grand Prix",830,"Max Verstappen",9,"Red Bull","00:01:19.849"
2021,1055,"Spanish Grand Prix",830,"Max Verstappen",9,"Red Bull","00:01:18.149"
2021,1056,"Monaco Grand Prix",1,"Lewis Hamilton",NULL,NULL,"00:01:12.909"
2021,1057,"Azerbaijan Grand Prix",830,"Max Verstappen",NULL,NULL,"00:01:44.481"
2021,1058,"Styrian Grand Prix",1,"Lewis Hamilton",131,"Mercedes","00:01:07.058"
2021,1059,"French Grand Prix",830,"Max Verstappen",9,"Red Bull","00:01:36.404"
2021,1060,"Austrian Grand Prix",830,"Max Verstappen",9,"Red Bull","00:01:06.2"
2021,1061,"British Grand Prix",815,"Sergio Pérez",NULL,NULL,"00:01:28.617"
2021,1062,"Hungarian Grand Prix",842,"Pierre Gasly",NULL,NULL,"00:01:18.394"
2021,1063,"Belgian Grand Prix",830,"Max Verstappen",9,"Red Bull","00:03:27.071"
2021,1064,"Dutch Grand Prix",1,"Lewis Hamilton",131,"Mercedes","00:01:11.097"
2021,1065,"Italian Grand Prix",817,"Daniel Ricciardo",1,"McLaren","00:01:24.812"
2021,1066,"Russian Grand Prix",846,"Lando Norris",NULL,NULL,"00:01:37.423"
2021,1067,"Turkish Grand Prix",822,"Valtteri Bottas",131,"Mercedes","00:01:30.432"
2021,1069,"United States Grand Prix",1,"Lewis Hamilton",131,"Mercedes","00:01:38.485"
2021,1070,"Mexico City Grand Prix",822,"Valtteri Bottas",NULL,NULL,"00:01:17.774"
2021,1071,"SÃ£o Paulo Grand Prix",815,"Sergio Pérez",NULL,NULL,"00:01:11.01"
2021,1072,"Saudi Arabian Grand Prix",1,"Lewis Hamilton",131,"Mercedes","00:01:30.734"
2021,1073,"Abu Dhabi Grand Prix",830,"Max Verstappen",9,"Red Bull","00:01:26.103"
2022,1074,"Bahrain Grand Prix",844,"Charles Leclerc",6,"Ferrari","00:01:34.57"
2022,1075,"Saudi Arabian Grand Prix",844,"Charles Leclerc",6,"Ferrari","00:01:31.634"
2022,1076,"Australian Grand Prix",844,"Charles Leclerc",6,"Ferrari","00:01:20.26"
2022,1077,"Emilia Romagna Grand Prix",830,"Max Verstappen",9,"Red Bull","00:01:18.446"
2022,1078,"Miami Grand Prix",830,"Max Verstappen",9,"Red Bull","00:01:31.361"
2022,1079,"Spanish Grand Prix",815,"Sergio Pérez",9,"Red Bull","00:01:24.108"
2022,1080,"Monaco Grand Prix",846,"Lando Norris",NULL,NULL,"00:01:14.693"
2022,1081,"Azerbaijan Grand Prix",815,"Sergio Pérez",9,"Red Bull","00:01:46.046"
2022,1082,"Canadian Grand Prix",832,"Carlos Sainz",6,"Ferrari","00:01:15.749"
2022,1083,"British Grand Prix",1,"Lewis Hamilton",131,"Mercedes","00:01:30.51"
2022,1084,"Austrian Grand Prix",830,"Max Verstappen",9,"Red Bull","00:01:07.275"
2022,1085,"French Grand Prix",832,"Carlos Sainz",NULL,NULL,"00:01:35.781"
2022,1086,"Hungarian Grand Prix",1,"Lewis Hamilton",131,"Mercedes","00:01:21.386"
2022,1087,"Belgian Grand Prix",830,"Max Verstappen",9,"Red Bull","00:01:49.354"
2022,1088,"Dutch Grand Prix",830,"Max Verstappen",9,"Red Bull","00:01:13.652"
2022,1089,"Italian Grand Prix",815,"Sergio Pérez",NULL,NULL,"00:01:24.03"
2022,1091,"Singapore Grand Prix",847,"George Russell",NULL,NULL,"00:01:46.458"
2022,1092,"Japanese Grand Prix",855,"Guanyu Zhou",NULL,NULL,"00:01:44.411"
2022,1093,"United States Grand Prix",847,"George Russell",NULL,NULL,"00:01:38.788"
2022,1094,"Mexico City Grand Prix",847,"George Russell",NULL,NULL,"00:01:20.153"
2022,1095,"SÃ£o Paulo Grand Prix",847,"George Russell",131,"Mercedes","00:01:13.785"
2022,1096,"Abu Dhabi Grand Prix",846,"Lando Norris",NULL,NULL,"00:01:28.391"
2023,1098,"Bahrain Grand Prix",855,"Guanyu Zhou",NULL,NULL,"00:01:33.996"
2023,1099,"Saudi Arabian Grand Prix",830,"Max Verstappen",9,"Red Bull","00:01:31.906"
2023,1100,"Australian Grand Prix",815,"Sergio Pérez",NULL,NULL,"00:01:20.235"
2023,1101,"Azerbaijan Grand Prix",847,"George Russell",NULL,NULL,"00:01:43.37"
2023,1102,"Miami Grand Prix",830,"Max Verstappen",9,"Red Bull","00:01:29.708"
2023,1104,"Monaco Grand Prix",1,"Lewis Hamilton",NULL,NULL,"00:01:15.65"
2023,1105,"Spanish Grand Prix",830,"Max Verstappen",9,"Red Bull","00:01:16.33"
2023,1106,"Canadian Grand Prix",815,"Sergio Pérez",NULL,NULL,"00:01:14.481"
2023,1107,"Austrian Grand Prix",830,"Max Verstappen",9,"Red Bull","00:01:07.012"
2023,1108,"British Grand Prix",830,"Max Verstappen",9,"Red Bull","00:01:30.275"
2023,1109,"Hungarian Grand Prix",830,"Max Verstappen",9,"Red Bull","00:01:20.504"
2023,1110,"Belgian Grand Prix",1,"Lewis Hamilton",NULL,NULL,"00:01:47.305"
2023,1111,"Dutch Grand Prix",4,"Fernando Alonso",117,"Aston Martin","00:01:13.837"
2023,1112,"Italian Grand Prix",857,"Oscar Piastri",NULL,NULL,"00:01:25.072"
2023,1113,"Singapore Grand Prix",1,"Lewis Hamilton",131,"Mercedes","00:01:35.867"
2023,1114,"Japanese Grand Prix",830,"Max Verstappen",9,"Red Bull","00:01:34.183"
2023,1115,"Qatar Grand Prix",830,"Max Verstappen",9,"Red Bull","00:01:24.319"
2023,1116,"United States Grand Prix",852,"Yuki Tsunoda",NULL,NULL,"00:01:38.139"
2023,1117,"Mexico City Grand Prix",1,"Lewis Hamilton",131,"Mercedes","00:01:21.334"
2023,1118,"SÃ£o Paulo Grand Prix",846,"Lando Norris",1,"McLaren","00:01:12.486"
2023,1119,"Las Vegas Grand Prix",857,"Oscar Piastri",NULL,NULL,"00:01:35.49"
2023,1120,"Abu Dhabi Grand Prix",830,"Max Verstappen",9,"Red Bull","00:01:26.993"
2024,1121,"Bahrain Grand Prix",830,"Max Verstappen",9,"Red Bull","00:01:32.608"
2024,1122,"Saudi Arabian Grand Prix",844,"Charles Leclerc",6,"Ferrari","00:01:31.632"
2024,1123,"Australian Grand Prix",844,"Charles Leclerc",6,"Ferrari","00:01:19.813"
2024,1124,"Japanese Grand Prix",830,"Max Verstappen",9,"Red Bull","00:01:33.706"
2024,1125,"Chinese Grand Prix",4,"Fernando Alonso",NULL,NULL,"00:01:37.81"
2024,1126,"Miami Grand Prix",857,"Oscar Piastri",NULL,NULL,"00:01:30.634"
2024,1127,"Emilia Romagna Grand Prix",847,"George Russell",NULL,NULL,"00:01:18.589"
2024,1128,"Monaco Grand Prix",1,"Lewis Hamilton",NULL,NULL,"00:01:14.165"
2024,1129,"Canadian Grand Prix",1,"Lewis Hamilton",NULL,NULL,"00:01:14.856"
2024,1130,"Spanish Grand Prix",846,"Lando Norris",1,"McLaren","00:01:17.115"
2024,1131,"Austrian Grand Prix",4,"Fernando Alonso",NULL,NULL,"00:01:07.694"
