"raceid","year","round","grand_prix","country","driverid","driver","racer_nationality","constructor_name"
833,1950,1,"British Grand Prix","UK",642,"Nino Farina","Italian","Alfa Romeo"
834,1950,2,"Monaco Grand Prix","Monaco",579,"Juan Fangio","Argentine","Alfa Romeo"
835,1950,3,"Indianapolis 500","USA",593,"Johnnie Parsons","American","Kurtis Kraft"
836,1950,4,"Swiss Grand Prix","Switzerland",642,"Nino Farina","Italian","Alfa Romeo"
837,1950,5,"Belgian Grand Prix","Belgium",579,"Juan Fangio","Argentine","Alfa Romeo"
838,1950,6,"French Grand Prix","France",579,"Juan Fangio","Argentine","Alfa Romeo"
839,1950,7,"Italian Grand Prix","Italy",642,"Nino Farina","Italian","Alfa Romeo"
825,1951,1,"Swiss Grand Prix","Switzerland",579,"Juan Fangio","Argentine","Alfa Romeo"
826,1951,2,"Indianapolis 500","USA",766,"Lee Wallard","American","Kurtis Kraft"
827,1951,3,"Belgian Grand Prix","Belgium",642,"Nino Farina","Italian","Alfa Romeo"
828,1951,4,"French Grand Prix","France",579,"Juan Fangio","Argentine","Alfa Romeo"
828,1951,4,"French Grand Prix","France",786,"Luigi Fagioli","Italian","Alfa Romeo"
829,1951,5,"British Grand Prix","UK",498,"José Froilán González","Argentine","Ferrari"
830,1951,6,"German Grand Prix","Germany",647,"Alberto Ascari","Italian","Ferrari"
831,1951,7,"Italian Grand Prix","Italy",647,"Alberto Ascari","Italian","Ferrari"
832,1951,8,"Spanish Grand Prix","Spain",579,"Juan Fangio","Argentine","Alfa Romeo"
817,1952,1,"Swiss Grand Prix","Switzerland",641,"Piero Taruffi","Italian","Ferrari"
818,1952,2,"Indianapolis 500","USA",526,"Troy Ruttman","American","Kuzma"
819,1952,3,"Belgian Grand Prix","Belgium",647,"Alberto Ascari","Italian","Ferrari"
820,1952,4,"French Grand Prix","France",647,"Alberto Ascari","Italian","Ferrari"
821,1952,5,"British Grand Prix","UK",647,"Alberto Ascari","Italian","Ferrari"
822,1952,6,"German Grand Prix","Germany",647,"Alberto Ascari","Italian","Ferrari"
823,1952,7,"Dutch Grand Prix","Netherlands",647,"Alberto Ascari","Italian","Ferrari"
824,1952,8,"Italian Grand Prix","Italy",647,"Alberto Ascari","Italian","Ferrari"
808,1953,1,"Argentine Grand Prix","Argentina",647,"Alberto Ascari","Italian","Ferrari"
809,1953,2,"Indianapolis 500","USA",657,"Bill Vukovich","American","Kurtis Kraft"
810,1953,3,"Dutch Grand Prix","Netherlands",647,"Alberto Ascari","Italian","Ferrari"
811,1953,4,"Belgian Grand Prix","Belgium",647,"Alberto Ascari","Italian","Ferrari"
812,1953,5,"French Grand Prix","France",578,"Mike Hawthorn","British","Ferrari"
813,1953,6,"British Grand Prix","UK",647,"Alberto Ascari","Italian","Ferrari"
814,1953,7,"German Grand Prix","Germany",642,"Nino Farina","Italian","Ferrari"
815,1953,8,"Swiss Grand Prix","Switzerland",647,"Alberto Ascari","Italian","Ferrari"
816,1953,9,"Italian Grand Prix","Italy",579,"Juan Fangio","Argentine","Maserati"
799,1954,1,"Argentine Grand Prix","Argentina",579,"Juan Fangio","Argentine","Maserati"
800,1954,2,"Indianapolis 500","USA",657,"Bill Vukovich","American","Kurtis Kraft"
801,1954,3,"Belgian Grand Prix","Belgium",579,"Juan Fangio","Argentine","Maserati"
802,1954,4,"French Grand Prix","France",579,"Juan Fangio","Argentine","Mercedes"
803,1954,5,"British Grand Prix","UK",498,"José Froilán González","Argentine","Ferrari"
804,1954,6,"German Grand Prix","Germany",579,"Juan Fangio","Argentine","Mercedes"
805,1954,7,"Swiss Grand Prix","Switzerland",579,"Juan Fangio","Argentine","Mercedes"
806,1954,8,"Italian Grand Prix","Italy",579,"Juan Fangio","Argentine","Mercedes"
807,1954,9,"Spanish Grand Prix","Spain",578,"Mike Hawthorn","British","Ferrari"
792,1955,1,"Argentine Grand Prix","Argentina",579,"Juan Fangio","Argentine","Mercedes"
793,1955,2,"Monaco Grand Prix","Monaco",427,"Maurice Trintignant","French","Ferrari"
794,1955,3,"Indianapolis 500","USA",628,"Bob Sweikert","American","Kurtis Kraft"
795,1955,4,"Belgian Grand Prix","Belgium",579,"Juan Fangio","Argentine","Mercedes"
796,1955,5,"Dutch Grand Prix","Netherlands",579,"Juan Fangio","Argentine","Mercedes"
797,1955,6,"British Grand Prix","UK",475,"Stirling Moss","British","Mercedes"
798,1955,7,"Italian Grand Prix","Italy",579,"Juan Fangio","Argentine","Mercedes"
784,1956,1,"Argentine Grand Prix","Argentina",579,"Juan Fangio","Argentine","Ferrari"
784,1956,1,"Argentine Grand Prix","Argentina",577,"Luigi Musso","Italian","Ferrari"
785,1956,2,"Monaco Grand Prix","Monaco",475,"Stirling Moss","British","Maserati"
786,1956,3,"Indianapolis 500","USA",559,"Pat Flaherty","American","Watson"
787,1956,4,"Belgian Grand Prix","Belgium",581,"Peter Collins","British","Ferrari"
788,1956,5,"French Grand Prix","France",581,"Peter Collins","British","Ferrari"
789,1956,6,"British Grand Prix","UK",579,"Juan Fangio","Argentine","Ferrari"
790,1956,7,"German Grand Prix","Germany",579,"Juan Fangio","Argentine","Ferrari"
791,1956,8,"Italian Grand Prix","Italy",475,"Stirling Moss","British","Maserati"
776,1957,1,"Argentine Grand Prix","Argentina",579,"Juan Fangio","Argentine","Maserati"
777,1957,2,"Monaco Grand Prix","Monaco",579,"Juan Fangio","Argentine","Maserati"
778,1957,3,"Indianapolis 500","USA",611,"Sam Hanks","American","Epperly"
779,1957,4,"French Grand Prix","France",579,"Juan Fangio","Argentine","Maserati"
780,1957,5,"British Grand Prix","UK",475,"Stirling Moss","British","Vanwall"
780,1957,5,"British Grand Prix","UK",479,"Tony Brooks","British","Vanwall"
781,1957,6,"German Grand Prix","Germany",579,"Juan Fangio","Argentine","Maserati"
782,1957,7,"Pescara Grand Prix","Italy",475,"Stirling Moss","British","Vanwall"
783,1957,8,"Italian Grand Prix","Italy",475,"Stirling Moss","British","Vanwall"
765,1958,1,"Argentine Grand Prix","Argentina",475,"Stirling Moss","British","Cooper"
766,1958,2,"Monaco Grand Prix","Monaco",427,"Maurice Trintignant","French","Cooper"
767,1958,3,"Dutch Grand Prix","Netherlands",475,"Stirling Moss","British","Vanwall"
768,1958,4,"Indianapolis 500","USA",525,"Jimmy Bryan","American","Epperly"
769,1958,5,"Belgian Grand Prix","Belgium",479,"Tony Brooks","British","Vanwall"
770,1958,6,"French Grand Prix","France",578,"Mike Hawthorn","British","Ferrari"
771,1958,7,"British Grand Prix","UK",581,"Peter Collins","British","Ferrari"
772,1958,8,"German Grand Prix","Germany",479,"Tony Brooks","British","Vanwall"
773,1958,9,"Portuguese Grand Prix","Portugal",475,"Stirling Moss","British","Vanwall"
774,1958,10,"Italian Grand Prix","Italy",479,"Tony Brooks","British","Vanwall"
775,1958,11,"Moroccan Grand Prix","Morocco",475,"Stirling Moss","British","Vanwall"
756,1959,1,"Monaco Grand Prix","Monaco",356,"Jack Brabham","Australian","Cooper-Climax"
757,1959,2,"Indianapolis 500","USA",449,"Rodger Ward","American","Watson"
758,1959,3,"Dutch Grand Prix","Netherlands",347,"Jo Bonnier","Swedish","BRM"
759,1959,4,"French Grand Prix","France",479,"Tony Brooks","British","Ferrari"
760,1959,5,"British Grand Prix","UK",356,"Jack Brabham","Australian","Cooper-Climax"
761,1959,6,"German Grand Prix","Germany",479,"Tony Brooks","British","Ferrari"
762,1959,7,"Portuguese Grand Prix","Portugal",475,"Stirling Moss","British","Cooper-Climax"
763,1959,8,"Italian Grand Prix","Italy",475,"Stirling Moss","British","Cooper-Climax"
764,1959,9,"United States Grand Prix","USA",360,"Bruce McLaren","New Zealander","Cooper-Climax"
746,1960,1,"Argentine Grand Prix","Argentina",360,"Bruce McLaren","New Zealander","Cooper-Climax"
747,1960,2,"Monaco Grand Prix","Monaco",475,"Stirling Moss","British","Team Lotus"
748,1960,3,"Indianapolis 500","USA",509,"Jim Rathmann","American","Watson"
749,1960,4,"Dutch Grand Prix","Netherlands",356,"Jack Brabham","Australian","Cooper-Climax"
750,1960,5,"Belgian Grand Prix","Belgium",356,"Jack Brabham","Australian","Cooper-Climax"
751,1960,6,"French Grand Prix","France",356,"Jack Brabham","Australian","Cooper-Climax"
752,1960,7,"British Grand Prix","UK",356,"Jack Brabham","Australian","Cooper-Climax"
753,1960,8,"Portuguese Grand Prix","Portugal",356,"Jack Brabham","Australian","Cooper-Climax"
754,1960,9,"Italian Grand Prix","Italy",403,"Phil Hill","American","Ferrari"
755,1960,10,"United States Grand Prix","USA",475,"Stirling Moss","British","Team Lotus"
738,1961,1,"Monaco Grand Prix","Monaco",475,"Stirling Moss","British","Lotus-Climax"
739,1961,2,"Dutch Grand Prix","Netherlands",476,"Wolfgang von Trips","German","Ferrari"
740,1961,3,"Belgian Grand Prix","Belgium",403,"Phil Hill","American","Ferrari"
741,1961,4,"French Grand Prix","France",394,"Giancarlo Baghetti","Italian","Ferrari"
742,1961,5,"British Grand Prix","UK",476,"Wolfgang von Trips","German","Ferrari"
743,1961,6,"German Grand Prix","Germany",475,"Stirling Moss","British","Lotus-Climax"
744,1961,7,"Italian Grand Prix","Italy",403,"Phil Hill","American","Ferrari"
745,1961,8,"United States Grand Prix","USA",404,"Innes Ireland","British","Lotus-Climax"
729,1962,1,"Dutch Grand Prix","Netherlands",289,"Graham Hill","British","BRM"
730,1962,2,"Monaco Grand Prix","Monaco",360,"Bruce McLaren","New Zealander","Cooper-Climax"
731,1962,3,"Belgian Grand Prix","Belgium",373,"Jim Clark","British","Lotus-Climax"
732,1962,4,"French Grand Prix","France",364,"Dan Gurney","American","Porsche"
733,1962,5,"British Grand Prix","UK",373,"Jim Clark","British","Lotus-Climax"
734,1962,6,"German Grand Prix","Germany",289,"Graham Hill","British","BRM"
735,1962,7,"Italian Grand Prix","Italy",289,"Graham Hill","British","BRM"
736,1962,8,"United States Grand Prix","USA",373,"Jim Clark","British","Lotus-Climax"
737,1962,9,"South African Grand Prix","South Africa",289,"Graham Hill","British","BRM"
719,1963,1,"Monaco Grand Prix","Monaco",289,"Graham Hill","British","BRM"
720,1963,2,"Belgian Grand Prix","Belgium",373,"Jim Clark","British","Lotus-Climax"
721,1963,3,"Dutch Grand Prix","Netherlands",373,"Jim Clark","British","Lotus-Climax"
722,1963,4,"French Grand Prix","France",373,"Jim Clark","British","Lotus-Climax"
723,1963,5,"British Grand Prix","UK",373,"Jim Clark","British","Lotus-Climax"
724,1963,6,"German Grand Prix","Germany",341,"John Surtees","British","Ferrari"
725,1963,7,"Italian Grand Prix","Italy",373,"Jim Clark","British","Lotus-Climax"
726,1963,8,"United States Grand Prix","USA",289,"Graham Hill","British","BRM"
727,1963,9,"Mexican Grand Prix","Mexico",373,"Jim Clark","British","Lotus-Climax"
728,1963,10,"South African Grand Prix","South Africa",373,"Jim Clark","British","Lotus-Climax"
709,1964,1,"Monaco Grand Prix","Monaco",289,"Graham Hill","British","BRM"
710,1964,2,"Dutch Grand Prix","Netherlands",373,"Jim Clark","British","Lotus-Climax"
711,1964,3,"Belgian Grand Prix","Belgium",373,"Jim Clark","British","Lotus-Climax"
712,1964,4,"French Grand Prix","France",364,"Dan Gurney","American","Brabham-Climax"
713,1964,5,"British Grand Prix","UK",373,"Jim Clark","British","Lotus-Climax"
714,1964,6,"German Grand Prix","Germany",341,"John Surtees","British","Ferrari"
715,1964,7,"Austrian Grand Prix","Austria",385,"Lorenzo Bandini","Italian","Ferrari"
716,1964,8,"Italian Grand Prix","Italy",341,"John Surtees","British","Ferrari"
717,1964,9,"United States Grand Prix","USA",289,"Graham Hill","British","BRM"
718,1964,10,"Mexican Grand Prix","Mexico",364,"Dan Gurney","American","Brabham-Climax"
699,1965,1,"South African Grand Prix","South Africa",373,"Jim Clark","British","Lotus-Climax"
700,1965,2,"Monaco Grand Prix","Monaco",289,"Graham Hill","British","BRM"
701,1965,3,"Belgian Grand Prix","Belgium",373,"Jim Clark","British","Lotus-Climax"
702,1965,4,"French Grand Prix","France",373,"Jim Clark","British","Lotus-Climax"
703,1965,5,"British Grand Prix","UK",373,"Jim Clark","British","Lotus-Climax"
704,1965,6,"Dutch Grand Prix","Netherlands",373,"Jim Clark","British","Lotus-Climax"
705,1965,7,"German Grand Prix","Germany",373,"Jim Clark","British","Lotus-Climax"
706,1965,8,"Italian Grand Prix","Italy",328,"Jackie Stewart","British","BRM"
707,1965,9,"United States Grand Prix","USA",289,"Graham Hill","British","BRM"
708,1965,10,"Mexican Grand Prix","Mexico",386,"Richie Ginther","American","Honda"
690,1966,1,"Monaco Grand Prix","Monaco",328,"Jackie Stewart","British","BRM"
691,1966,2,"Belgian Grand Prix","Belgium",341,"John Surtees","British","Ferrari"
692,1966,3,"French Grand Prix","France",356,"Jack Brabham","Australian","Brabham-Repco"
693,1966,4,"British Grand Prix","UK",356,"Jack Brabham","Australian","Brabham-Repco"
694,1966,5,"Dutch Grand Prix","Netherlands",356,"Jack Brabham","Australian","Brabham-Repco"
695,1966,6,"German Grand Prix","Germany",356,"Jack Brabham","Australian","Brabham-Repco"
696,1966,7,"Italian Grand Prix","Italy",375,"Ludovico Scarfiotti","Italian","Ferrari"
697,1966,8,"United States Grand Prix","USA",373,"Jim Clark","British","Lotus-BRM"
698,1966,9,"Mexican Grand Prix","Mexico",341,"John Surtees","British","Cooper-Maserati"
679,1967,1,"South African Grand Prix","South Africa",345,"Pedro Rodríguez","Mexican","Cooper-Maserati"
680,1967,2,"Monaco Grand Prix","Monaco",304,"Denny Hulme","New Zealander","Brabham-Repco"
681,1967,3,"Dutch Grand Prix","Netherlands",373,"Jim Clark","British","Lotus-Ford"
682,1967,4,"Belgian Grand Prix","Belgium",364,"Dan Gurney","American","Eagle-Weslake"
683,1967,5,"French Grand Prix","France",356,"Jack Brabham","Australian","Brabham-Repco"
684,1967,6,"British Grand Prix","UK",373,"Jim Clark","British","Lotus-Ford"
685,1967,7,"German Grand Prix","Germany",304,"Denny Hulme","New Zealander","Brabham-Repco"
686,1967,8,"Canadian Grand Prix","Canada",356,"Jack Brabham","Australian","Brabham-Repco"
687,1967,9,"Italian Grand Prix","Italy",341,"John Surtees","British","Honda"
688,1967,10,"United States Grand Prix","USA",373,"Jim Clark","British","Lotus-Ford"
689,1967,11,"Mexican Grand Prix","Mexico",373,"Jim Clark","British","Lotus-Ford"
667,1968,1,"South African Grand Prix","South Africa",373,"Jim Clark","British","Lotus-Ford"
668,1968,2,"Spanish Grand Prix","Spain",289,"Graham Hill","British","Lotus-Ford"
669,1968,3,"Monaco Grand Prix","Monaco",289,"Graham Hill","British","Lotus-Ford"
670,1968,4,"Belgian Grand Prix","Belgium",360,"Bruce McLaren","New Zealander","McLaren-Ford"
671,1968,5,"Dutch Grand Prix","Netherlands",328,"Jackie Stewart","British","Matra-Ford"
672,1968,6,"French Grand Prix","France",235,"Jacky Ickx","Belgian","Ferrari"
673,1968,7,"British Grand Prix","UK",346,"Jo Siffert","Swiss","Lotus-Ford"
674,1968,8,"German Grand Prix","Germany",328,"Jackie Stewart","British","Matra-Ford"
675,1968,9,"Italian Grand Prix","Italy",304,"Denny Hulme","New Zealander","McLaren-Ford"
676,1968,10,"Canadian Grand Prix","Canada",304,"Denny Hulme","New Zealander","McLaren-Ford"
677,1968,11,"United States Grand Prix","USA",328,"Jackie Stewart","British","Matra-Ford"
678,1968,12,"Mexican Grand Prix","Mexico",289,"Graham Hill","British","Lotus-Ford"
656,1969,1,"South African Grand Prix","South Africa",328,"Jackie Stewart","British","Matra-Ford"
657,1969,2,"Spanish Grand Prix","Spain",328,"Jackie Stewart","British","Matra-Ford"
658,1969,3,"Monaco Grand Prix","Monaco",289,"Graham Hill","British","Lotus-Ford"
659,1969,4,"Dutch Grand Prix","Netherlands",328,"Jackie Stewart","British","Matra-Ford"
660,1969,5,"French Grand Prix","France",328,"Jackie Stewart","British","Matra-Ford"
661,1969,6,"British Grand Prix","UK",328,"Jackie Stewart","British","Matra-Ford"
662,1969,7,"German Grand Prix","Germany",235,"Jacky Ickx","Belgian","Brabham-Ford"
663,1969,8,"Italian Grand Prix","Italy",328,"Jackie Stewart","British","Matra-Ford"
664,1969,9,"Canadian Grand Prix","Canada",235,"Jacky Ickx","Belgian","Brabham-Ford"
665,1969,10,"United States Grand Prix","USA",358,"Jochen Rindt","Austrian","Lotus-Ford"
666,1969,11,"Mexican Grand Prix","Mexico",304,"Denny Hulme","New Zealander","McLaren-Ford"
643,1970,1,"South African Grand Prix","South Africa",356,"Jack Brabham","Australian","Brabham"
644,1970,2,"Spanish Grand Prix","Spain",328,"Jackie Stewart","British","March"
645,1970,3,"Monaco Grand Prix","Monaco",358,"Jochen Rindt","Austrian","Team Lotus"
646,1970,4,"Belgian Grand Prix","Belgium",345,"Pedro Rodríguez","Mexican","BRM"
647,1970,5,"Dutch Grand Prix","Netherlands",358,"Jochen Rindt","Austrian","Team Lotus"
648,1970,6,"French Grand Prix","France",358,"Jochen Rindt","Austrian","Team Lotus"
649,1970,7,"British Grand Prix","UK",358,"Jochen Rindt","Austrian","Team Lotus"
650,1970,8,"German Grand Prix","Germany",358,"Jochen Rindt","Austrian","Team Lotus"
651,1970,9,"Austrian Grand Prix","Austria",235,"Jacky Ickx","Belgian","Ferrari"
652,1970,10,"Italian Grand Prix","Italy",223,"Clay Regazzoni","Swiss","Ferrari"
653,1970,11,"Canadian Grand Prix","Canada",235,"Jacky Ickx","Belgian","Ferrari"
654,1970,12,"United States Grand Prix","USA",224,"Emerson Fittipaldi","Brazilian","Team Lotus"
655,1970,13,"Mexican Grand Prix","Mexico",235,"Jacky Ickx","Belgian","Ferrari"
632,1971,1,"South African Grand Prix","South Africa",207,"Mario Andretti","American","Ferrari"
633,1971,2,"Spanish Grand Prix","Spain",328,"Jackie Stewart","British","Tyrrell"
634,1971,3,"Monaco Grand Prix","Monaco",328,"Jackie Stewart","British","Tyrrell"
635,1971,4,"Dutch Grand Prix","Netherlands",235,"Jacky Ickx","Belgian","Ferrari"
636,1971,5,"French Grand Prix","France",328,"Jackie Stewart","British","Tyrrell"
637,1971,6,"British Grand Prix","UK",328,"Jackie Stewart","British","Tyrrell"
638,1971,7,"German Grand Prix","Germany",328,"Jackie Stewart","British","Tyrrell"
639,1971,8,"Austrian Grand Prix","Austria",346,"Jo Siffert","Swiss","BRM"
640,1971,9,"Italian Grand Prix","Italy",320,"Peter Gethin","British","BRM"
641,1971,10,"Canadian Grand Prix","Canada",328,"Jackie Stewart","British","Tyrrell"
642,1971,11,"United States Grand Prix","USA",327,"François Cevert","French","Tyrrell"
620,1972,1,"Argentine Grand Prix","Argentina",328,"Jackie Stewart","British","Tyrrell"
621,1972,2,"South African Grand Prix","South Africa",304,"Denny Hulme","New Zealander","McLaren"
622,1972,3,"Spanish Grand Prix","Spain",224,"Emerson Fittipaldi","Brazilian","Team Lotus"
623,1972,4,"Monaco Grand Prix","Monaco",306,"Jean-Pierre Beltoise","French","BRM"
624,1972,5,"Belgian Grand Prix","Belgium",224,"Emerson Fittipaldi","Brazilian","Team Lotus"
625,1972,6,"French Grand Prix","France",328,"Jackie Stewart","British","Tyrrell"
626,1972,7,"British Grand Prix","UK",224,"Emerson Fittipaldi","Brazilian","Team Lotus"
627,1972,8,"German Grand Prix","Germany",235,"Jacky Ickx","Belgian","Ferrari"
628,1972,9,"Austrian Grand Prix","Austria",224,"Emerson Fittipaldi","Brazilian","Team Lotus"
629,1972,10,"Italian Grand Prix","Italy",224,"Emerson Fittipaldi","Brazilian","Team Lotus"
630,1972,11,"Canadian Grand Prix","Canada",328,"Jackie Stewart","British","Tyrrell"
631,1972,12,"United States Grand Prix","USA",328,"Jackie Stewart","British","Tyrrell"
605,1973,1,"Argentine Grand Prix","Argentina",224,"Emerson Fittipaldi","Brazilian","Team Lotus"
606,1973,2,"Brazilian Grand Prix","Brazil",224,"Emerson Fittipaldi","Brazilian","Team Lotus"
607,1973,3,"South African Grand Prix","South Africa",328,"Jackie Stewart","British","Tyrrell"
608,1973,4,"Spanish Grand Prix","Spain",224,"Emerson Fittipaldi","Brazilian","Team Lotus"
609,1973,5,"Belgian Grand Prix","Belgium",328,"Jackie Stewart","British","Tyrrell"
610,1973,6,"Monaco Grand Prix","Monaco",328,"Jackie Stewart","British","Tyrrell"
611,1973,7,"Swedish Grand Prix","Sweden",304,"Denny Hulme","New Zealander","McLaren"
612,1973,8,"French Grand Prix","France",238,"Ronnie Peterson","Swedish","Team Lotus"
613,1973,9,"British Grand Prix","UK",309,"Peter Revson","American","McLaren"
614,1973,10,"Dutch Grand Prix","Netherlands",328,"Jackie Stewart","British","Tyrrell"
615,1973,11,"German Grand Prix","Germany",328,"Jackie Stewart","British","Tyrrell"
616,1973,12,"Austrian Grand Prix","Austria",238,"Ronnie Peterson","Swedish","Team Lotus"
617,1973,13,"Italian Grand Prix","Italy",238,"Ronnie Peterson","Swedish","Team Lotus"
618,1973,14,"Canadian Grand Prix","Canada",309,"Peter Revson","American","McLaren"
619,1973,15,"United States Grand Prix","USA",238,"Ronnie Peterson","Swedish","Team Lotus"
590,1974,1,"Argentine Grand Prix","Argentina",304,"Denny Hulme","New Zealander","McLaren"
591,1974,2,"Brazilian Grand Prix","Brazil",224,"Emerson Fittipaldi","Brazilian","McLaren"
592,1974,3,"South African Grand Prix","South Africa",199,"Carlos Reutemann","Argentine","Brabham"
593,1974,4,"Spanish Grand Prix","Spain",182,"Niki Lauda","Austrian","Ferrari"
594,1974,5,"Belgian Grand Prix","Belgium",224,"Emerson Fittipaldi","Brazilian","McLaren"
595,1974,6,"Monaco Grand Prix","Monaco",238,"Ronnie Peterson","Swedish","Team Lotus"
596,1974,7,"Swedish Grand Prix","Sweden",222,"Jody Scheckter","South African","Tyrrell"
597,1974,8,"Dutch Grand Prix","Netherlands",182,"Niki Lauda","Austrian","Ferrari"
598,1974,9,"French Grand Prix","France",238,"Ronnie Peterson","Swedish","Team Lotus"
599,1974,10,"British Grand Prix","UK",222,"Jody Scheckter","South African","Tyrrell"
600,1974,11,"German Grand Prix","Germany",223,"Clay Regazzoni","Swiss","Ferrari"
601,1974,12,"Austrian Grand Prix","Austria",199,"Carlos Reutemann","Argentine","Brabham"
602,1974,13,"Italian Grand Prix","Italy",238,"Ronnie Peterson","Swedish","Team Lotus"
603,1974,14,"Canadian Grand Prix","Canada",224,"Emerson Fittipaldi","Brazilian","McLaren"
604,1974,15,"United States Grand Prix","USA",199,"Carlos Reutemann","Argentine","Brabham"
576,1975,1,"Argentine Grand Prix","Argentina",224,"Emerson Fittipaldi","Brazilian","McLaren"
577,1975,2,"Brazilian Grand Prix","Brazil",250,"Carlos Pace","Brazilian","Brabham"
578,1975,3,"South African Grand Prix","South Africa",222,"Jody Scheckter","South African","Tyrrell"
579,1975,4,"Spanish Grand Prix","Spain",200,"Jochen Mass","German","McLaren"
580,1975,5,"Monaco Grand Prix","Monaco",182,"Niki Lauda","Austrian","Ferrari"
581,1975,6,"Belgian Grand Prix","Belgium",182,"Niki Lauda","Austrian","Ferrari"
582,1975,7,"Swedish Grand Prix","Sweden",182,"Niki Lauda","Austrian","Ferrari"
583,1975,8,"Dutch Grand Prix","Netherlands",231,"James Hunt","British","Hesketh"
584,1975,9,"French Grand Prix","France",182,"Niki Lauda","Austrian","Ferrari"
585,1975,10,"British Grand Prix","UK",224,"Emerson Fittipaldi","Brazilian","McLaren"
586,1975,11,"German Grand Prix","Germany",199,"Carlos Reutemann","Argentine","Brabham"
587,1975,12,"Austrian Grand Prix","Austria",230,"Vittorio Brambilla","Italian","March"
588,1975,13,"Italian Grand Prix","Italy",223,"Clay Regazzoni","Swiss","Ferrari"
589,1975,14,"United States Grand Prix","USA",182,"Niki Lauda","Austrian","Ferrari"
560,1976,1,"Brazilian Grand Prix","Brazil",182,"Niki Lauda","Austrian","Ferrari"
561,1976,2,"South African Grand Prix","South Africa",182,"Niki Lauda","Austrian","Ferrari"
562,1976,3,"United States Grand Prix West","USA",223,"Clay Regazzoni","Swiss","Ferrari"
563,1976,4,"Spanish Grand Prix","Spain",231,"James Hunt","British","McLaren"
564,1976,5,"Belgian Grand Prix","Belgium",182,"Niki Lauda","Austrian","Ferrari"
565,1976,6,"Monaco Grand Prix","Monaco",182,"Niki Lauda","Austrian","Ferrari"
566,1976,7,"Swedish Grand Prix","Sweden",222,"Jody Scheckter","South African","Tyrrell"
567,1976,8,"French Grand Prix","France",231,"James Hunt","British","McLaren"
568,1976,9,"British Grand Prix","UK",182,"Niki Lauda","Austrian","Ferrari"
569,1976,10,"German Grand Prix","Germany",231,"James Hunt","British","McLaren"
570,1976,11,"Austrian Grand Prix","Austria",187,"John Watson","British","Penske"
571,1976,12,"Dutch Grand Prix","Netherlands",231,"James Hunt","British","McLaren"
572,1976,13,"Italian Grand Prix","Italy",238,"Ronnie Peterson","Swedish","March"
573,1976,14,"Canadian Grand Prix","Canada",231,"James Hunt","British","McLaren"
574,1976,15,"United States Grand Prix","USA",231,"James Hunt","British","McLaren"
575,1976,16,"Japanese Grand Prix","Japan",207,"Mario Andretti","American","Team Lotus"
543,1977,1,"Argentine Grand Prix","Argentina",222,"Jody Scheckter","South African","Wolf"
544,1977,2,"Brazilian Grand Prix","Brazil",199,"Carlos Reutemann","Argentine","Ferrari"
545,1977,3,"South African Grand Prix","South Africa",182,"Niki Lauda","Austrian","Ferrari"
546,1977,4,"United States Grand Prix West","USA",207,"Mario Andretti","American","Team Lotus"
547,1977,5,"Spanish Grand Prix","Spain",207,"Mario Andretti","American","Team Lotus"
548,1977,6,"Monaco Grand Prix","Monaco",222,"Jody Scheckter","South African","Wolf"
549,1977,7,"Belgian Grand Prix","Belgium",255,"Gunnar Nilsson","Swedish","Team Lotus"
550,1977,8,"Swedish Grand Prix","Sweden",172,"Jacques Laffite","French","Ligier"
551,1977,9,"French Grand Prix","France",207,"Mario Andretti","American","Team Lotus"
552,1977,10,"British Grand Prix","UK",231,"James Hunt","British","McLaren"
553,1977,11,"German Grand Prix","Germany",182,"Niki Lauda","Austrian","Ferrari"
554,1977,12,"Austrian Grand Prix","Austria",178,"Alan Jones","Australian","Shadow"
555,1977,13,"Dutch Grand Prix","Netherlands",182,"Niki Lauda","Austrian","Ferrari"
556,1977,14,"Italian Grand Prix","Italy",207,"Mario Andretti","American","Team Lotus"
557,1977,15,"United States Grand Prix","USA",231,"James Hunt","British","McLaren"
558,1977,16,"Canadian Grand Prix","Canada",222,"Jody Scheckter","South African","Wolf"
559,1977,17,"Japanese Grand Prix","Japan",231,"James Hunt","British","McLaren"
527,1978,1,"Argentine Grand Prix","Argentina",207,"Mario Andretti","American","Team Lotus"
528,1978,2,"Brazilian Grand Prix","Brazil",199,"Carlos Reutemann","Argentine","Ferrari"
529,1978,3,"South African Grand Prix","South Africa",238,"Ronnie Peterson","Swedish","Team Lotus"
530,1978,4,"United States Grand Prix West","USA",199,"Carlos Reutemann","Argentine","Ferrari"
531,1978,5,"Monaco Grand Prix","Monaco",221,"Patrick Depailler","French","Tyrrell"
532,1978,6,"Belgian Grand Prix","Belgium",207,"Mario Andretti","American","Team Lotus"
533,1978,7,"Spanish Grand Prix","Spain",207,"Mario Andretti","American","Team Lotus"
534,1978,8,"Swedish Grand Prix","Sweden",182,"Niki Lauda","Austrian","Brabham"
535,1978,9,"French Grand Prix","France",207,"Mario Andretti","American","Team Lotus"
536,1978,10,"British Grand Prix","UK",199,"Carlos Reutemann","Argentine","Ferrari"
537,1978,11,"German Grand Prix","Germany",207,"Mario Andretti","American","Team Lotus"
538,1978,12,"Austrian Grand Prix","Austria",238,"Ronnie Peterson","Swedish","Team Lotus"
539,1978,13,"Dutch Grand Prix","Netherlands",207,"Mario Andretti","American","Team Lotus"
540,1978,14,"Italian Grand Prix","Italy",182,"Niki Lauda","Austrian","Brabham"
541,1978,15,"United States Grand Prix","USA",199,"Carlos Reutemann","Argentine","Ferrari"
542,1978,16,"Canadian Grand Prix","Canada",203,"Gilles Villeneuve","Canadian","Ferrari"
512,1979,1,"Argentine Grand Prix","Argentina",172,"Jacques Laffite","French","Ligier"
513,1979,2,"Brazilian Grand Prix","Brazil",172,"Jacques Laffite","French","Ligier"
514,1979,3,"South African Grand Prix","South Africa",203,"Gilles Villeneuve","Canadian","Ferrari"
515,1979,4,"United States Grand Prix West","USA",203,"Gilles Villeneuve","Canadian","Ferrari"
516,1979,5,"Spanish Grand Prix","Spain",221,"Patrick Depailler","French","Ligier"
517,1979,6,"Belgian Grand Prix","Belgium",222,"Jody Scheckter","South African","Ferrari"
518,1979,7,"Monaco Grand Prix","Monaco",222,"Jody Scheckter","South African","Ferrari"
519,1979,8,"French Grand Prix","France",219,"Jean-Pierre Jabouille","French","Renault"
520,1979,9,"British Grand Prix","UK",223,"Clay Regazzoni","Swiss","Williams"
521,1979,10,"German Grand Prix","Germany",178,"Alan Jones","Australian","Williams"
522,1979,11,"Austrian Grand Prix","Austria",178,"Alan Jones","Australian","Williams"
523,1979,12,"Dutch Grand Prix","Netherlands",178,"Alan Jones","Australian","Williams"
524,1979,13,"Italian Grand Prix","Italy",222,"Jody Scheckter","South African","Ferrari"
525,1979,14,"Canadian Grand Prix","Canada",178,"Alan Jones","Australian","Williams"
526,1979,15,"United States Grand Prix","USA",203,"Gilles Villeneuve","Canadian","Ferrari"
498,1980,1,"Argentine Grand Prix","Argentina",178,"Alan Jones","Australian","Williams"
499,1980,2,"Brazilian Grand Prix","Brazil",163,"René Arnoux","French","Renault"
500,1980,3,"South African Grand Prix","South Africa",163,"René Arnoux","French","Renault"
501,1980,4,"United States Grand Prix West","USA",137,"Nelson Piquet","Brazilian","Brabham"
502,1980,5,"Belgian Grand Prix","Belgium",202,"Didier Pironi","French","Ligier"
503,1980,6,"Monaco Grand Prix","Monaco",199,"Carlos Reutemann","Argentine","Williams"
504,1980,7,"French Grand Prix","France",178,"Alan Jones","Australian","Williams"
505,1980,8,"British Grand Prix","UK",178,"Alan Jones","Australian","Williams"
506,1980,9,"German Grand Prix","Germany",172,"Jacques Laffite","French","Ligier"
507,1980,10,"Austrian Grand Prix","Austria",219,"Jean-Pierre Jabouille","French","Renault"
508,1980,11,"Dutch Grand Prix","Netherlands",137,"Nelson Piquet","Brazilian","Brabham"
509,1980,12,"Italian Grand Prix","Italy",137,"Nelson Piquet","Brazilian","Brabham"
510,1980,13,"Canadian Grand Prix","Canada",178,"Alan Jones","Australian","Williams"
511,1980,14,"United States Grand Prix","USA",178,"Alan Jones","Australian","Williams"
483,1981,1,"United States Grand Prix West","USA",178,"Alan Jones","Australian","Williams"
484,1981,2,"Brazilian Grand Prix","Brazil",199,"Carlos Reutemann","Argentine","Williams"
485,1981,3,"Argentine Grand Prix","Argentina",137,"Nelson Piquet","Brazilian","Brabham"
486,1981,4,"San Marino Grand Prix","Italy",137,"Nelson Piquet","Brazilian","Brabham"
487,1981,5,"Belgian Grand Prix","Belgium",199,"Carlos Reutemann","Argentine","Williams"
488,1981,6,"Monaco Grand Prix","Monaco",203,"Gilles Villeneuve","Canadian","Ferrari"
489,1981,7,"Spanish Grand Prix","Spain",203,"Gilles Villeneuve","Canadian","Ferrari"
490,1981,8,"French Grand Prix","France",117,"Alain Prost","French","Renault"
491,1981,9,"British Grand Prix","UK",187,"John Watson","British","McLaren"
492,1981,10,"German Grand Prix","Germany",137,"Nelson Piquet","Brazilian","Brabham"
493,1981,11,"Austrian Grand Prix","Austria",172,"Jacques Laffite","French","Ligier"
494,1981,12,"Dutch Grand Prix","Netherlands",117,"Alain Prost","French","Renault"
495,1981,13,"Italian Grand Prix","Italy",117,"Alain Prost","French","Renault"
496,1981,14,"Canadian Grand Prix","Canada",172,"Jacques Laffite","French","Ligier"
497,1981,15,"Caesars Palace Grand Prix","USA",178,"Alan Jones","Australian","Williams"
467,1982,1,"South African Grand Prix","South Africa",117,"Alain Prost","French","Renault"
468,1982,2,"Brazilian Grand Prix","Brazil",117,"Alain Prost","French","Renault"
469,1982,3,"United States Grand Prix West","USA",182,"Niki Lauda","Austrian","McLaren"
470,1982,4,"San Marino Grand Prix","Italy",202,"Didier Pironi","French","Ferrari"
471,1982,5,"Belgian Grand Prix","Belgium",187,"John Watson","British","McLaren"
472,1982,6,"Monaco Grand Prix","Monaco",119,"Riccardo Patrese","Italian","Brabham"
473,1982,7,"Detroit Grand Prix","USA",187,"John Watson","British","McLaren"
474,1982,8,"Canadian Grand Prix","Canada",137,"Nelson Piquet","Brazilian","Brabham"
475,1982,9,"Dutch Grand Prix","Netherlands",202,"Didier Pironi","French","Ferrari"
476,1982,10,"British Grand Prix","UK",182,"Niki Lauda","Austrian","McLaren"
477,1982,11,"French Grand Prix","France",163,"René Arnoux","French","Renault"
478,1982,12,"German Grand Prix","Germany",175,"Patrick Tambay","French","Ferrari"
479,1982,13,"Austrian Grand Prix","Austria",173,"Elio de Angelis","Italian","Team Lotus"
480,1982,14,"Swiss Grand Prix","France",177,"Keke Rosberg","Finnish","Williams"
481,1982,15,"Italian Grand Prix","Italy",163,"René Arnoux","French","Renault"
482,1982,16,"Caesars Palace Grand Prix","USA",105,"Michele Alboreto","Italian","Tyrrell"
452,1983,1,"Brazilian Grand Prix","Brazil",137,"Nelson Piquet","Brazilian","Brabham"
453,1983,2,"United States Grand Prix West","USA",187,"John Watson","British","McLaren"
454,1983,3,"French Grand Prix","France",117,"Alain Prost","French","Renault"
455,1983,4,"San Marino Grand Prix","Italy",175,"Patrick Tambay","French","Ferrari"
456,1983,5,"Monaco Grand Prix","Monaco",177,"Keke Rosberg","Finnish","Williams"
457,1983,6,"Belgian Grand Prix","Belgium",117,"Alain Prost","French","Renault"
458,1983,7,"Detroit Grand Prix","USA",105,"Michele Alboreto","Italian","Tyrrell"
459,1983,8,"Canadian Grand Prix","Canada",163,"René Arnoux","French","Ferrari"
460,1983,9,"British Grand Prix","UK",117,"Alain Prost","French","Renault"
461,1983,10,"German Grand Prix","Germany",163,"René Arnoux","French","Ferrari"
462,1983,11,"Austrian Grand Prix","Austria",117,"Alain Prost","French","Renault"
463,1983,12,"Dutch Grand Prix","Netherlands",163,"René Arnoux","French","Ferrari"
464,1983,13,"Italian Grand Prix","Italy",137,"Nelson Piquet","Brazilian","Brabham"
465,1983,14,"European Grand Prix","UK",137,"Nelson Piquet","Brazilian","Brabham"
466,1983,15,"South African Grand Prix","South Africa",119,"Riccardo Patrese","Italian","Brabham"
436,1984,1,"Brazilian Grand Prix","Brazil",117,"Alain Prost","French","McLaren"
437,1984,2,"South African Grand Prix","South Africa",182,"Niki Lauda","Austrian","McLaren"
438,1984,3,"Belgian Grand Prix","Belgium",105,"Michele Alboreto","Italian","Ferrari"
439,1984,4,"San Marino Grand Prix","Italy",117,"Alain Prost","French","McLaren"
440,1984,5,"French Grand Prix","France",182,"Niki Lauda","Austrian","McLaren"
441,1984,6,"Monaco Grand Prix","Monaco",117,"Alain Prost","French","McLaren"
442,1984,7,"Canadian Grand Prix","Canada",137,"Nelson Piquet","Brazilian","Brabham"
443,1984,8,"Detroit Grand Prix","USA",137,"Nelson Piquet","Brazilian","Brabham"
444,1984,9,"Dallas Grand Prix","USA",177,"Keke Rosberg","Finnish","Williams"
445,1984,10,"British Grand Prix","UK",182,"Niki Lauda","Austrian","McLaren"
446,1984,11,"German Grand Prix","Germany",117,"Alain Prost","French","McLaren"
447,1984,12,"Austrian Grand Prix","Austria",182,"Niki Lauda","Austrian","McLaren"
448,1984,13,"Dutch Grand Prix","Netherlands",117,"Alain Prost","French","McLaren"
449,1984,14,"Italian Grand Prix","Italy",182,"Niki Lauda","Austrian","McLaren"
450,1984,15,"European Grand Prix","Germany",117,"Alain Prost","French","McLaren"
451,1984,16,"Portuguese Grand Prix","Portugal",117,"Alain Prost","French","McLaren"
420,1985,1,"Brazilian Grand Prix","Brazil",117,"Alain Prost","French","McLaren"
421,1985,2,"Portuguese Grand Prix","Portugal",102,"Ayrton Senna","Brazilian","Team Lotus"
422,1985,3,"San Marino Grand Prix","Italy",173,"Elio de Angelis","Italian","Team Lotus"
423,1985,4,"Monaco Grand Prix","Monaco",117,"Alain Prost","French","McLaren"
424,1985,5,"Canadian Grand Prix","Canada",105,"Michele Alboreto","Italian","Ferrari"
425,1985,6,"Detroit Grand Prix","USA",177,"Keke Rosberg","Finnish","Williams"
426,1985,7,"French Grand Prix","France",137,"Nelson Piquet","Brazilian","Brabham"
427,1985,8,"British Grand Prix","UK",117,"Alain Prost","French","McLaren"
428,1985,9,"German Grand Prix","Germany",105,"Michele Alboreto","Italian","Ferrari"
429,1985,10,"Austrian Grand Prix","Austria",117,"Alain Prost","French","McLaren"
430,1985,11,"Dutch Grand Prix","Netherlands",182,"Niki Lauda","Austrian","McLaren"
431,1985,12,"Italian Grand Prix","Italy",117,"Alain Prost","French","McLaren"
432,1985,13,"Belgian Grand Prix","Belgium",102,"Ayrton Senna","Brazilian","Team Lotus"
433,1985,14,"European Grand Prix","UK",95,"Nigel Mansell","British","Williams"
434,1985,15,"South African Grand Prix","South Africa",95,"Nigel Mansell","British","Williams"
435,1985,16,"Australian Grand Prix","Australia",177,"Keke Rosberg","Finnish","Williams"
404,1986,1,"Brazilian Grand Prix","Brazil",137,"Nelson Piquet","Brazilian","Williams"
405,1986,2,"Spanish Grand Prix","Spain",102,"Ayrton Senna","Brazilian","Team Lotus"
406,1986,3,"San Marino Grand Prix","Italy",117,"Alain Prost","French","McLaren"
407,1986,4,"Monaco Grand Prix","Monaco",117,"Alain Prost","French","McLaren"
408,1986,5,"Belgian Grand Prix","Belgium",95,"Nigel Mansell","British","Williams"
409,1986,6,"Canadian Grand Prix","Canada",95,"Nigel Mansell","British","Williams"
410,1986,7,"Detroit Grand Prix","USA",102,"Ayrton Senna","Brazilian","Team Lotus"
411,1986,8,"French Grand Prix","France",95,"Nigel Mansell","British","Williams"
412,1986,9,"British Grand Prix","UK",95,"Nigel Mansell","British","Williams"
413,1986,10,"German Grand Prix","Germany",137,"Nelson Piquet","Brazilian","Williams"
414,1986,11,"Hungarian Grand Prix","Hungary",137,"Nelson Piquet","Brazilian","Williams"
415,1986,12,"Austrian Grand Prix","Austria",117,"Alain Prost","French","McLaren"
416,1986,13,"Italian Grand Prix","Italy",137,"Nelson Piquet","Brazilian","Williams"
417,1986,14,"Portuguese Grand Prix","Portugal",95,"Nigel Mansell","British","Williams"
418,1986,15,"Mexican Grand Prix","Mexico",77,"Gerhard Berger","Austrian","Benetton"
419,1986,16,"Australian Grand Prix","Australia",117,"Alain Prost","French","McLaren"
388,1987,1,"Brazilian Grand Prix","Brazil",117,"Alain Prost","French","McLaren"
389,1987,2,"San Marino Grand Prix","Italy",95,"Nigel Mansell","British","Williams"
390,1987,3,"Belgian Grand Prix","Belgium",117,"Alain Prost","French","McLaren"
391,1987,4,"Monaco Grand Prix","Monaco",102,"Ayrton Senna","Brazilian","Team Lotus"
392,1987,5,"Detroit Grand Prix","USA",102,"Ayrton Senna","Brazilian","Team Lotus"
393,1987,6,"French Grand Prix","France",95,"Nigel Mansell","British","Williams"
394,1987,7,"British Grand Prix","UK",95,"Nigel Mansell","British","Williams"
395,1987,8,"German Grand Prix","Germany",137,"Nelson Piquet","Brazilian","Williams"
396,1987,9,"Hungarian Grand Prix","Hungary",137,"Nelson Piquet","Brazilian","Williams"
397,1987,10,"Austrian Grand Prix","Austria",95,"Nigel Mansell","British","Williams"
398,1987,11,"Italian Grand Prix","Italy",137,"Nelson Piquet","Brazilian","Williams"
399,1987,12,"Portuguese Grand Prix","Portugal",117,"Alain Prost","French","McLaren"
400,1987,13,"Spanish Grand Prix","Spain",95,"Nigel Mansell","British","Williams"
401,1987,14,"Mexican Grand Prix","Mexico",95,"Nigel Mansell","British","Williams"
402,1987,15,"Japanese Grand Prix","Japan",77,"Gerhard Berger","Austrian","Ferrari"
403,1987,16,"Australian Grand Prix","Australia",77,"Gerhard Berger","Austrian","Ferrari"
372,1988,1,"Brazilian Grand Prix","Brazil",117,"Alain Prost","French","McLaren"
373,1988,2,"San Marino Grand Prix","Italy",102,"Ayrton Senna","Brazilian","McLaren"
374,1988,3,"Monaco Grand Prix","Monaco",117,"Alain Prost","French","McLaren"
375,1988,4,"Mexican Grand Prix","Mexico",117,"Alain Prost","French","McLaren"
376,1988,5,"Canadian Grand Prix","Canada",102,"Ayrton Senna","Brazilian","McLaren"
377,1988,6,"Detroit Grand Prix","USA",102,"Ayrton Senna","Brazilian","McLaren"
378,1988,7,"French Grand Prix","France",117,"Alain Prost","French","McLaren"
379,1988,8,"British Grand Prix","UK",102,"Ayrton Senna","Brazilian","McLaren"
380,1988,9,"German Grand Prix","Germany",102,"Ayrton Senna","Brazilian","McLaren"
381,1988,10,"Hungarian Grand Prix","Hungary",102,"Ayrton Senna","Brazilian","McLaren"
382,1988,11,"Belgian Grand Prix","Belgium",102,"Ayrton Senna","Brazilian","McLaren"
383,1988,12,"Italian Grand Prix","Italy",77,"Gerhard Berger","Austrian","Ferrari"
384,1988,13,"Portuguese Grand Prix","Portugal",117,"Alain Prost","French","McLaren"
385,1988,14,"Spanish Grand Prix","Spain",117,"Alain Prost","French","McLaren"
386,1988,15,"Japanese Grand Prix","Japan",102,"Ayrton Senna","Brazilian","McLaren"
387,1988,16,"Australian Grand Prix","Australia",117,"Alain Prost","French","McLaren"
356,1989,1,"Brazilian Grand Prix","Brazil",95,"Nigel Mansell","British","Ferrari"
357,1989,2,"San Marino Grand Prix","Italy",102,"Ayrton Senna","Brazilian","McLaren"
358,1989,3,"Monaco Grand Prix","Monaco",102,"Ayrton Senna","Brazilian","McLaren"
359,1989,4,"Mexican Grand Prix","Mexico",102,"Ayrton Senna","Brazilian","McLaren"
360,1989,5,"United States Grand Prix","USA",117,"Alain Prost","French","McLaren"
361,1989,6,"Canadian Grand Prix","Canada",123,"Thierry Boutsen","Belgian","Williams"
362,1989,7,"French Grand Prix","France",117,"Alain Prost","French","McLaren"
363,1989,8,"British Grand Prix","UK",117,"Alain Prost","French","McLaren"
364,1989,9,"German Grand Prix","Germany",102,"Ayrton Senna","Brazilian","McLaren"
365,1989,10,"Hungarian Grand Prix","Hungary",95,"Nigel Mansell","British","Ferrari"
366,1989,11,"Belgian Grand Prix","Belgium",102,"Ayrton Senna","Brazilian","McLaren"
367,1989,12,"Italian Grand Prix","Italy",117,"Alain Prost","French","McLaren"
368,1989,13,"Portuguese Grand Prix","Portugal",77,"Gerhard Berger","Austrian","Ferrari"
369,1989,14,"Spanish Grand Prix","Spain",102,"Ayrton Senna","Brazilian","McLaren"
370,1989,15,"Japanese Grand Prix","Japan",145,"Alessandro Nannini","Italian","Benetton"
371,1989,16,"Australian Grand Prix","Australia",123,"Thierry Boutsen","Belgian","Williams"
321,1990,1,"United States Grand Prix","USA",102,"Ayrton Senna","Brazilian","McLaren"
322,1990,2,"Brazilian Grand Prix","Brazil",117,"Alain Prost","French","Ferrari"
323,1990,3,"San Marino Grand Prix","Italy",119,"Riccardo Patrese","Italian","Williams"
324,1990,4,"Monaco Grand Prix","Monaco",102,"Ayrton Senna","Brazilian","McLaren"
325,1990,5,"Canadian Grand Prix","Canada",102,"Ayrton Senna","Brazilian","McLaren"
326,1990,6,"Mexican Grand Prix","Mexico",117,"Alain Prost","French","Ferrari"
327,1990,7,"French Grand Prix","France",117,"Alain Prost","French","Ferrari"
328,1990,8,"British Grand Prix","UK",117,"Alain Prost","French","Ferrari"
329,1990,9,"German Grand Prix","Germany",102,"Ayrton Senna","Brazilian","McLaren"
330,1990,10,"Hungarian Grand Prix","Hungary",123,"Thierry Boutsen","Belgian","Williams"
331,1990,11,"Belgian Grand Prix","Belgium",102,"Ayrton Senna","Brazilian","McLaren"
332,1990,12,"Italian Grand Prix","Italy",102,"Ayrton Senna","Brazilian","McLaren"
333,1990,13,"Portuguese Grand Prix","Portugal",95,"Nigel Mansell","British","Ferrari"
334,1990,14,"Spanish Grand Prix","Spain",117,"Alain Prost","French","Ferrari"
335,1990,15,"Japanese Grand Prix","Japan",137,"Nelson Piquet","Brazilian","Benetton"
336,1990,16,"Australian Grand Prix","Australia",137,"Nelson Piquet","Brazilian","Benetton"
305,1991,1,"United States Grand Prix","USA",102,"Ayrton Senna","Brazilian","McLaren"
306,1991,2,"Brazilian Grand Prix","Brazil",102,"Ayrton Senna","Brazilian","McLaren"
307,1991,3,"San Marino Grand Prix","Italy",102,"Ayrton Senna","Brazilian","McLaren"
308,1991,4,"Monaco Grand Prix","Monaco",102,"Ayrton Senna","Brazilian","McLaren"
309,1991,5,"Canadian Grand Prix","Canada",137,"Nelson Piquet","Brazilian","Benetton"
310,1991,6,"Mexican Grand Prix","Mexico",119,"Riccardo Patrese","Italian","Williams"
311,1991,7,"French Grand Prix","France",95,"Nigel Mansell","British","Williams"
312,1991,8,"British Grand Prix","UK",95,"Nigel Mansell","British","Williams"
313,1991,9,"German Grand Prix","Germany",95,"Nigel Mansell","British","Williams"
314,1991,10,"Hungarian Grand Prix","Hungary",102,"Ayrton Senna","Brazilian","McLaren"
315,1991,11,"Belgian Grand Prix","Belgium",102,"Ayrton Senna","Brazilian","McLaren"
316,1991,12,"Italian Grand Prix","Italy",95,"Nigel Mansell","British","Williams"
317,1991,13,"Portuguese Grand Prix","Portugal",119,"Riccardo Patrese","Italian","Williams"
318,1991,14,"Spanish Grand Prix","Spain",95,"Nigel Mansell","British","Williams"
319,1991,15,"Japanese Grand Prix","Japan",77,"Gerhard Berger","Austrian","McLaren"
320,1991,16,"Australian Grand Prix","Australia",102,"Ayrton Senna","Brazilian","McLaren"
289,1992,1,"South African Grand Prix","South Africa",95,"Nigel Mansell","British","Williams"
290,1992,2,"Mexican Grand Prix","Mexico",95,"Nigel Mansell","British","Williams"
291,1992,3,"Brazilian Grand Prix","Brazil",95,"Nigel Mansell","British","Williams"
292,1992,4,"Spanish Grand Prix","Spain",95,"Nigel Mansell","British","Williams"
293,1992,5,"San Marino Grand Prix","Italy",95,"Nigel Mansell","British","Williams"
294,1992,6,"Monaco Grand Prix","Monaco",102,"Ayrton Senna","Brazilian","McLaren"
295,1992,7,"Canadian Grand Prix","Canada",77,"Gerhard Berger","Austrian","McLaren"
296,1992,8,"French Grand Prix","France",95,"Nigel Mansell","British","Williams"
297,1992,9,"British Grand Prix","UK",95,"Nigel Mansell","British","Williams"
298,1992,10,"German Grand Prix","Germany",95,"Nigel Mansell","British","Williams"
299,1992,11,"Hungarian Grand Prix","Hungary",102,"Ayrton Senna","Brazilian","McLaren"
300,1992,12,"Belgian Grand Prix","Belgium",30,"Michael Schumacher","German","Benetton"
301,1992,13,"Italian Grand Prix","Italy",102,"Ayrton Senna","Brazilian","McLaren"
302,1992,14,"Portuguese Grand Prix","Portugal",95,"Nigel Mansell","British","Williams"
303,1992,15,"Japanese Grand Prix","Japan",119,"Riccardo Patrese","Italian","Williams"
304,1992,16,"Australian Grand Prix","Australia",77,"Gerhard Berger","Austrian","McLaren"
273,1993,1,"South African Grand Prix","South Africa",117,"Alain Prost","French","Williams"
274,1993,2,"Brazilian Grand Prix","Brazil",102,"Ayrton Senna","Brazilian","McLaren"
275,1993,3,"European Grand Prix","UK",102,"Ayrton Senna","Brazilian","McLaren"
276,1993,4,"San Marino Grand Prix","Italy",117,"Alain Prost","French","Williams"
277,1993,5,"Spanish Grand Prix","Spain",117,"Alain Prost","French","Williams"
278,1993,6,"Monaco Grand Prix","Monaco",102,"Ayrton Senna","Brazilian","McLaren"
279,1993,7,"Canadian Grand Prix","Canada",117,"Alain Prost","French","Williams"
280,1993,8,"French Grand Prix","France",117,"Alain Prost","French","Williams"
281,1993,9,"British Grand Prix","UK",117,"Alain Prost","French","Williams"
282,1993,10,"German Grand Prix","Germany",117,"Alain Prost","French","Williams"
283,1993,11,"Hungarian Grand Prix","Hungary",71,"Damon Hill","British","Williams"
284,1993,12,"Belgian Grand Prix","Belgium",71,"Damon Hill","British","Williams"
285,1993,13,"Italian Grand Prix","Italy",71,"Damon Hill","British","Williams"
286,1993,14,"Portuguese Grand Prix","Portugal",30,"Michael Schumacher","German","Benetton"
287,1993,15,"Japanese Grand Prix","Japan",102,"Ayrton Senna","Brazilian","McLaren"
288,1993,16,"Australian Grand Prix","Australia",102,"Ayrton Senna","Brazilian","McLaren"
257,1994,1,"Brazilian Grand Prix","Brazil",30,"Michael Schumacher","German","Benetton"
258,1994,2,"Pacific Grand Prix","Japan",30,"Michael Schumacher","German","Benetton"
259,1994,3,"San Marino Grand Prix","Italy",30,"Michael Schumacher","German","Benetton"
260,1994,4,"Monaco Grand Prix","Monaco",30,"Michael Schumacher","German","Benetton"
261,1994,5,"Spanish Grand Prix","Spain",71,"Damon Hill","British","Williams"
262,1994,6,"Canadian Grand Prix","Canada",30,"Michael Schumacher","German","Benetton"
263,1994,7,"French Grand Prix","France",30,"Michael Schumacher","German","Benetton"
264,1994,8,"British Grand Prix","UK",71,"Damon Hill","British","Williams"
265,1994,9,"German Grand Prix","Germany",77,"Gerhard Berger","Austrian","Ferrari"
266,1994,10,"Hungarian Grand Prix","Hungary",30,"Michael Schumacher","German","Benetton"
267,1994,11,"Belgian Grand Prix","Belgium",71,"Damon Hill","British","Williams"
268,1994,12,"Italian Grand Prix","Italy",71,"Damon Hill","British","Williams"
269,1994,13,"Portuguese Grand Prix","Portugal",71,"Damon Hill","British","Williams"
270,1994,14,"European Grand Prix","Spain",30,"Michael Schumacher","German","Benetton"
271,1994,15,"Japanese Grand Prix","Japan",71,"Damon Hill","British","Williams"
272,1994,16,"Australian Grand Prix","Australia",95,"Nigel Mansell","British","Williams"
240,1995,1,"Brazilian Grand Prix","Brazil",30,"Michael Schumacher","German","Benetton"
241,1995,2,"Argentine Grand Prix","Argentina",71,"Damon Hill","British","Williams"
242,1995,3,"San Marino Grand Prix","Italy",71,"Damon Hill","British","Williams"
243,1995,4,"Spanish Grand Prix","Spain",30,"Michael Schumacher","German","Benetton"
244,1995,5,"Monaco Grand Prix","Monaco",30,"Michael Schumacher","German","Benetton"
245,1995,6,"Canadian Grand Prix","Canada",55,"Jean Alesi","French","Ferrari"
246,1995,7,"French Grand Prix","France",30,"Michael Schumacher","German","Benetton"
247,1995,8,"British Grand Prix","UK",65,"Johnny Herbert","British","Benetton"
248,1995,9,"German Grand Prix","Germany",30,"Michael Schumacher","German","Benetton"
249,1995,10,"Hungarian Grand Prix","Hungary",71,"Damon Hill","British","Williams"
250,1995,11,"Belgian Grand Prix","Belgium",30,"Michael Schumacher","German","Benetton"
251,1995,12,"Italian Grand Prix","Italy",65,"Johnny Herbert","British","Benetton"
252,1995,13,"Portuguese Grand Prix","Portugal",14,"David Coulthard","British","Williams"
253,1995,14,"European Grand Prix","Germany",30,"Michael Schumacher","German","Benetton"
254,1995,15,"Pacific Grand Prix","Japan",30,"Michael Schumacher","German","Benetton"
255,1995,16,"Japanese Grand Prix","Japan",30,"Michael Schumacher","German","Benetton"
256,1995,17,"Australian Grand Prix","Australia",71,"Damon Hill","British","Williams"
224,1996,1,"Australian Grand Prix","Australia",71,"Damon Hill","British","Williams"
225,1996,2,"Brazilian Grand Prix","Brazil",71,"Damon Hill","British","Williams"
226,1996,3,"Argentine Grand Prix","Argentina",71,"Damon Hill","British","Williams"
227,1996,4,"European Grand Prix","Germany",35,"Jacques Villeneuve","Canadian","Williams"
228,1996,5,"San Marino Grand Prix","Italy",71,"Damon Hill","British","Williams"
229,1996,6,"Monaco Grand Prix","Monaco",44,"Olivier Panis","French","Ligier"
230,1996,7,"Spanish Grand Prix","Spain",30,"Michael Schumacher","German","Ferrari"
231,1996,8,"Canadian Grand Prix","Canada",71,"Damon Hill","British","Williams"
232,1996,9,"French Grand Prix","France",71,"Damon Hill","British","Williams"
233,1996,10,"British Grand Prix","UK",35,"Jacques Villeneuve","Canadian","Williams"
234,1996,11,"German Grand Prix","Germany",71,"Damon Hill","British","Williams"
235,1996,12,"Hungarian Grand Prix","Hungary",35,"Jacques Villeneuve","Canadian","Williams"
236,1996,13,"Belgian Grand Prix","Belgium",30,"Michael Schumacher","German","Ferrari"
237,1996,14,"Italian Grand Prix","Italy",30,"Michael Schumacher","German","Ferrari"
238,1996,15,"Portuguese Grand Prix","Portugal",35,"Jacques Villeneuve","Canadian","Williams"
239,1996,16,"Japanese Grand Prix","Japan",71,"Damon Hill","British","Williams"
207,1997,1,"Australian Grand Prix","Australia",14,"David Coulthard","British","McLaren"
208,1997,2,"Brazilian Grand Prix","Brazil",35,"Jacques Villeneuve","Canadian","Williams"
209,1997,3,"Argentine Grand Prix","Argentina",35,"Jacques Villeneuve","Canadian","Williams"
210,1997,4,"San Marino Grand Prix","Italy",49,"Heinz-Harald Frentzen","German","Williams"
211,1997,5,"Monaco Grand Prix","Monaco",30,"Michael Schumacher","German","Ferrari"
212,1997,6,"Spanish Grand Prix","Spain",35,"Jacques Villeneuve","Canadian","Williams"
213,1997,7,"Canadian Grand Prix","Canada",30,"Michael Schumacher","German","Ferrari"
214,1997,8,"French Grand Prix","France",30,"Michael Schumacher","German","Ferrari"
215,1997,9,"British Grand Prix","UK",35,"Jacques Villeneuve","Canadian","Williams"
216,1997,10,"German Grand Prix","Germany",77,"Gerhard Berger","Austrian","Benetton"
217,1997,11,"Hungarian Grand Prix","Hungary",35,"Jacques Villeneuve","Canadian","Williams"
218,1997,12,"Belgian Grand Prix","Belgium",30,"Michael Schumacher","German","Ferrari"
219,1997,13,"Italian Grand Prix","Italy",14,"David Coulthard","British","McLaren"
220,1997,14,"Austrian Grand Prix","Austria",35,"Jacques Villeneuve","Canadian","Williams"
221,1997,15,"Luxembourg Grand Prix","Germany",35,"Jacques Villeneuve","Canadian","Williams"
222,1997,16,"Japanese Grand Prix","Japan",30,"Michael Schumacher","German","Ferrari"
223,1997,17,"European Grand Prix","Spain",57,"Mika Häkkinen","Finnish","McLaren"
191,1998,1,"Australian Grand Prix","Australia",57,"Mika Häkkinen","Finnish","McLaren"
192,1998,2,"Brazilian Grand Prix","Brazil",57,"Mika Häkkinen","Finnish","McLaren"
193,1998,3,"Argentine Grand Prix","Argentina",30,"Michael Schumacher","German","Ferrari"
194,1998,4,"San Marino Grand Prix","Italy",14,"David Coulthard","British","McLaren"
195,1998,5,"Spanish Grand Prix","Spain",57,"Mika Häkkinen","Finnish","McLaren"
196,1998,6,"Monaco Grand Prix","Monaco",57,"Mika Häkkinen","Finnish","McLaren"
197,1998,7,"Canadian Grand Prix","Canada",30,"Michael Schumacher","German","Ferrari"
198,1998,8,"French Grand Prix","France",30,"Michael Schumacher","German","Ferrari"
199,1998,9,"British Grand Prix","UK",30,"Michael Schumacher","German","Ferrari"
200,1998,10,"Austrian Grand Prix","Austria",57,"Mika Häkkinen","Finnish","McLaren"
201,1998,11,"German Grand Prix","Germany",57,"Mika Häkkinen","Finnish","McLaren"
202,1998,12,"Hungarian Grand Prix","Hungary",30,"Michael Schumacher","German","Ferrari"
203,1998,13,"Belgian Grand Prix","Belgium",71,"Damon Hill","British","Jordan"
204,1998,14,"Italian Grand Prix","Italy",30,"Michael Schumacher","German","Ferrari"
205,1998,15,"Luxembourg Grand Prix","Germany",57,"Mika Häkkinen","Finnish","McLaren"
206,1998,16,"Japanese Grand Prix","Japan",57,"Mika Häkkinen","Finnish","McLaren"
175,1999,1,"Australian Grand Prix","Australia",56,"Eddie Irvine","British","Ferrari"
176,1999,2,"Brazilian Grand Prix","Brazil",57,"Mika Häkkinen","Finnish","McLaren"
177,1999,3,"San Marino Grand Prix","Italy",30,"Michael Schumacher","German","Ferrari"
178,1999,4,"Monaco Grand Prix","Monaco",30,"Michael Schumacher","German","Ferrari"
179,1999,5,"Spanish Grand Prix","Spain",57,"Mika Häkkinen","Finnish","McLaren"
180,1999,6,"Canadian Grand Prix","Canada",57,"Mika Häkkinen","Finnish","McLaren"
181,1999,7,"French Grand Prix","France",49,"Heinz-Harald Frentzen","German","Jordan"
182,1999,8,"British Grand Prix","UK",14,"David Coulthard","British","McLaren"
183,1999,9,"Austrian Grand Prix","Austria",56,"Eddie Irvine","British","Ferrari"
184,1999,10,"German Grand Prix","Germany",56,"Eddie Irvine","British","Ferrari"
185,1999,11,"Hungarian Grand Prix","Hungary",57,"Mika Häkkinen","Finnish","McLaren"
186,1999,12,"Belgian Grand Prix","Belgium",14,"David Coulthard","British","McLaren"
187,1999,13,"Italian Grand Prix","Italy",49,"Heinz-Harald Frentzen","German","Jordan"
188,1999,14,"European Grand Prix","Germany",65,"Johnny Herbert","British","Stewart"
189,1999,15,"Malaysian Grand Prix","Malaysia",56,"Eddie Irvine","British","Ferrari"
190,1999,16,"Japanese Grand Prix","Japan",57,"Mika Häkkinen","Finnish","McLaren"
158,2000,1,"Australian Grand Prix","Australia",30,"Michael Schumacher","German","Ferrari"
159,2000,2,"Brazilian Grand Prix","Brazil",30,"Michael Schumacher","German","Ferrari"
160,2000,3,"San Marino Grand Prix","Italy",30,"Michael Schumacher","German","Ferrari"
161,2000,4,"British Grand Prix","UK",14,"David Coulthard","British","McLaren"
162,2000,5,"Spanish Grand Prix","Spain",57,"Mika Häkkinen","Finnish","McLaren"
163,2000,6,"European Grand Prix","Germany",30,"Michael Schumacher","German","Ferrari"
164,2000,7,"Monaco Grand Prix","Monaco",14,"David Coulthard","British","McLaren"
165,2000,8,"Canadian Grand Prix","Canada",30,"Michael Schumacher","German","Ferrari"
166,2000,9,"French Grand Prix","France",14,"David Coulthard","British","McLaren"
167,2000,10,"Austrian Grand Prix","Austria",57,"Mika Häkkinen","Finnish","McLaren"
168,2000,11,"German Grand Prix","Germany",22,"Rubens Barrichello","Brazilian","Ferrari"
169,2000,12,"Hungarian Grand Prix","Hungary",57,"Mika Häkkinen","Finnish","McLaren"
170,2000,13,"Belgian Grand Prix","Belgium",57,"Mika Häkkinen","Finnish","McLaren"
171,2000,14,"Italian Grand Prix","Italy",30,"Michael Schumacher","German","Ferrari"
172,2000,15,"United States Grand Prix","USA",30,"Michael Schumacher","German","Ferrari"
173,2000,16,"Japanese Grand Prix","Japan",30,"Michael Schumacher","German","Ferrari"
174,2000,17,"Malaysian Grand Prix","Malaysia",30,"Michael Schumacher","German","Ferrari"
141,2001,1,"Australian Grand Prix","Australia",30,"Michael Schumacher","German","Ferrari"
142,2001,2,"Malaysian Grand Prix","Malaysia",30,"Michael Schumacher","German","Ferrari"
143,2001,3,"Brazilian Grand Prix","Brazil",14,"David Coulthard","British","McLaren"
144,2001,4,"San Marino Grand Prix","Italy",23,"Ralf Schumacher","German","Williams"
145,2001,5,"Spanish Grand Prix","Spain",30,"Michael Schumacher","German","Ferrari"
146,2001,6,"Austrian Grand Prix","Austria",14,"David Coulthard","British","McLaren"
147,2001,7,"Monaco Grand Prix","Monaco",30,"Michael Schumacher","German","Ferrari"
148,2001,8,"Canadian Grand Prix","Canada",23,"Ralf Schumacher","German","Williams"
149,2001,9,"European Grand Prix","Germany",30,"Michael Schumacher","German","Ferrari"
150,2001,10,"French Grand Prix","France",30,"Michael Schumacher","German","Ferrari"
151,2001,11,"British Grand Prix","UK",57,"Mika Häkkinen","Finnish","McLaren"
152,2001,12,"German Grand Prix","Germany",23,"Ralf Schumacher","German","Williams"
153,2001,13,"Hungarian Grand Prix","Hungary",30,"Michael Schumacher","German","Ferrari"
154,2001,14,"Belgian Grand Prix","Belgium",30,"Michael Schumacher","German","Ferrari"
155,2001,15,"Italian Grand Prix","Italy",31,"Juan Pablo Montoya","Colombian","Williams"
156,2001,16,"United States Grand Prix","USA",57,"Mika Häkkinen","Finnish","McLaren"
157,2001,17,"Japanese Grand Prix","Japan",30,"Michael Schumacher","German","Ferrari"
124,2002,1,"Australian Grand Prix","Australia",30,"Michael Schumacher","German","Ferrari"
125,2002,2,"Malaysian Grand Prix","Malaysia",23,"Ralf Schumacher","German","Williams"
126,2002,3,"Brazilian Grand Prix","Brazil",30,"Michael Schumacher","German","Ferrari"
127,2002,4,"San Marino Grand Prix","Italy",30,"Michael Schumacher","German","Ferrari"
128,2002,5,"Spanish Grand Prix","Spain",30,"Michael Schumacher","German","Ferrari"
129,2002,6,"Austrian Grand Prix","Austria",30,"Michael Schumacher","German","Ferrari"
130,2002,7,"Monaco Grand Prix","Monaco",14,"David Coulthard","British","McLaren"
131,2002,8,"Canadian Grand Prix","Canada",30,"Michael Schumacher","German","Ferrari"
132,2002,9,"European Grand Prix","Germany",22,"Rubens Barrichello","Brazilian","Ferrari"
133,2002,10,"British Grand Prix","UK",30,"Michael Schumacher","German","Ferrari"
134,2002,11,"French Grand Prix","France",30,"Michael Schumacher","German","Ferrari"
135,2002,12,"German Grand Prix","Germany",30,"Michael Schumacher","German","Ferrari"
136,2002,13,"Hungarian Grand Prix","Hungary",22,"Rubens Barrichello","Brazilian","Ferrari"
137,2002,14,"Belgian Grand Prix","Belgium",30,"Michael Schumacher","German","Ferrari"
138,2002,15,"Italian Grand Prix","Italy",22,"Rubens Barrichello","Brazilian","Ferrari"
139,2002,16,"United States Grand Prix","USA",22,"Rubens Barrichello","Brazilian","Ferrari"
140,2002,17,"Japanese Grand Prix","Japan",30,"Michael Schumacher","German","Ferrari"
108,2003,1,"Australian Grand Prix","Australia",14,"David Coulthard","British","McLaren"
109,2003,2,"Malaysian Grand Prix","Malaysia",8,"Kimi Räikkönen","Finnish","McLaren"
110,2003,3,"Brazilian Grand Prix","Brazil",21,"Giancarlo Fisichella","Italian","Jordan"
111,2003,4,"San Marino Grand Prix","Italy",30,"Michael Schumacher","German","Ferrari"
112,2003,5,"Spanish Grand Prix","Spain",30,"Michael Schumacher","German","Ferrari"
113,2003,6,"Austrian Grand Prix","Austria",30,"Michael Schumacher","German","Ferrari"
114,2003,7,"Monaco Grand Prix","Monaco",31,"Juan Pablo Montoya","Colombian","Williams"
115,2003,8,"Canadian Grand Prix","Canada",30,"Michael Schumacher","German","Ferrari"
116,2003,9,"European Grand Prix","Germany",23,"Ralf Schumacher","German","Williams"
117,2003,10,"French Grand Prix","France",23,"Ralf Schumacher","German","Williams"
118,2003,11,"British Grand Prix","UK",22,"Rubens Barrichello","Brazilian","Ferrari"
119,2003,12,"German Grand Prix","Germany",31,"Juan Pablo Montoya","Colombian","Williams"
120,2003,13,"Hungarian Grand Prix","Hungary",4,"Fernando Alonso","Spanish","Renault"
121,2003,14,"Italian Grand Prix","Italy",30,"Michael Schumacher","German","Ferrari"
122,2003,15,"United States Grand Prix","USA",30,"Michael Schumacher","German","Ferrari"
123,2003,16,"Japanese Grand Prix","Japan",22,"Rubens Barrichello","Brazilian","Ferrari"
90,2004,1,"Australian Grand Prix","Australia",30,"Michael Schumacher","German","Ferrari"
91,2004,2,"Malaysian Grand Prix","Malaysia",30,"Michael Schumacher","German","Ferrari"
92,2004,3,"Bahrain Grand Prix","Bahrain",30,"Michael Schumacher","German","Ferrari"
93,2004,4,"San Marino Grand Prix","Italy",30,"Michael Schumacher","German","Ferrari"
94,2004,5,"Spanish Grand Prix","Spain",30,"Michael Schumacher","German","Ferrari"
95,2004,6,"Monaco Grand Prix","Monaco",15,"Jarno Trulli","Italian","Renault"
96,2004,7,"European Grand Prix","Germany",30,"Michael Schumacher","German","Ferrari"
97,2004,8,"Canadian Grand Prix","Canada",30,"Michael Schumacher","German","Ferrari"
98,2004,9,"United States Grand Prix","USA",30,"Michael Schumacher","German","Ferrari"
99,2004,10,"French Grand Prix","France",30,"Michael Schumacher","German","Ferrari"
100,2004,11,"British Grand Prix","UK",30,"Michael Schumacher","German","Ferrari"
101,2004,12,"German Grand Prix","Germany",30,"Michael Schumacher","German","Ferrari"
102,2004,13,"Hungarian Grand Prix","Hungary",30,"Michael Schumacher","German","Ferrari"
103,2004,14,"Belgian Grand Prix","Belgium",8,"Kimi Räikkönen","Finnish","McLaren"
104,2004,15,"Italian Grand Prix","Italy",22,"Rubens Barrichello","Brazilian","Ferrari"
105,2004,16,"Chinese Grand Prix","China",22,"Rubens Barrichello","Brazilian","Ferrari"
106,2004,17,"Japanese Grand Prix","Japan",30,"Michael Schumacher","German","Ferrari"
107,2004,18,"Brazilian Grand Prix","Brazil",31,"Juan Pablo Montoya","Colombian","Williams"
71,2005,1,"Australian Grand Prix","Australia",21,"Giancarlo Fisichella","Italian","Renault"
72,2005,2,"Malaysian Grand Prix","Malaysia",4,"Fernando Alonso","Spanish","Renault"
73,2005,3,"Bahrain Grand Prix","Bahrain",4,"Fernando Alonso","Spanish","Renault"
74,2005,4,"San Marino Grand Prix","Italy",4,"Fernando Alonso","Spanish","Renault"
75,2005,5,"Spanish Grand Prix","Spain",8,"Kimi Räikkönen","Finnish","McLaren"
76,2005,6,"Monaco Grand Prix","Monaco",8,"Kimi Räikkönen","Finnish","McLaren"
77,2005,7,"European Grand Prix","Germany",4,"Fernando Alonso","Spanish","Renault"
78,2005,8,"Canadian Grand Prix","Canada",8,"Kimi Räikkönen","Finnish","McLaren"
79,2005,9,"United States Grand Prix","USA",30,"Michael Schumacher","German","Ferrari"
80,2005,10,"French Grand Prix","France",4,"Fernando Alonso","Spanish","Renault"
81,2005,11,"British Grand Prix","UK",31,"Juan Pablo Montoya","Colombian","McLaren"
82,2005,12,"German Grand Prix","Germany",4,"Fernando Alonso","Spanish","Renault"
83,2005,13,"Hungarian Grand Prix","Hungary",8,"Kimi Räikkönen","Finnish","McLaren"
84,2005,14,"Turkish Grand Prix","Turkey",8,"Kimi Räikkönen","Finnish","McLaren"
85,2005,15,"Italian Grand Prix","Italy",31,"Juan Pablo Montoya","Colombian","McLaren"
86,2005,16,"Belgian Grand Prix","Belgium",8,"Kimi Räikkönen","Finnish","McLaren"
87,2005,17,"Brazilian Grand Prix","Brazil",31,"Juan Pablo Montoya","Colombian","McLaren"
88,2005,18,"Japanese Grand Prix","Japan",8,"Kimi Räikkönen","Finnish","McLaren"
89,2005,19,"Chinese Grand Prix","China",4,"Fernando Alonso","Spanish","Renault"
53,2006,1,"Bahrain Grand Prix","Bahrain",4,"Fernando Alonso","Spanish","Renault"
54,2006,2,"Malaysian Grand Prix","Malaysia",21,"Giancarlo Fisichella","Italian","Renault"
55,2006,3,"Australian Grand Prix","Australia",4,"Fernando Alonso","Spanish","Renault"
56,2006,4,"San Marino Grand Prix","Italy",30,"Michael Schumacher","German","Ferrari"
57,2006,5,"European Grand Prix","Germany",30,"Michael Schumacher","German","Ferrari"
58,2006,6,"Spanish Grand Prix","Spain",4,"Fernando Alonso","Spanish","Renault"
59,2006,7,"Monaco Grand Prix","Monaco",4,"Fernando Alonso","Spanish","Renault"
60,2006,8,"British Grand Prix","UK",4,"Fernando Alonso","Spanish","Renault"
61,2006,9,"Canadian Grand Prix","Canada",4,"Fernando Alonso","Spanish","Renault"
62,2006,10,"United States Grand Prix","USA",30,"Michael Schumacher","German","Ferrari"
63,2006,11,"French Grand Prix","France",30,"Michael Schumacher","German","Ferrari"
64,2006,12,"German Grand Prix","Germany",30,"Michael Schumacher","German","Ferrari"
65,2006,13,"Hungarian Grand Prix","Hungary",18,"Jenson Button","British","Honda"
66,2006,14,"Turkish Grand Prix","Turkey",13,"Felipe Massa","Brazilian","Ferrari"
67,2006,15,"Italian Grand Prix","Italy",30,"Michael Schumacher","German","Ferrari"
68,2006,16,"Chinese Grand Prix","China",30,"Michael Schumacher","German","Ferrari"
69,2006,17,"Japanese Grand Prix","Japan",4,"Fernando Alonso","Spanish","Renault"
70,2006,18,"Brazilian Grand Prix","Brazil",13,"Felipe Massa","Brazilian","Ferrari"
36,2007,1,"Australian Grand Prix","Australia",8,"Kimi Räikkönen","Finnish","Ferrari"
37,2007,2,"Malaysian Grand Prix","Malaysia",4,"Fernando Alonso","Spanish","McLaren"
38,2007,3,"Bahrain Grand Prix","Bahrain",13,"Felipe Massa","Brazilian","Ferrari"
39,2007,4,"Spanish Grand Prix","Spain",13,"Felipe Massa","Brazilian","Ferrari"
40,2007,5,"Monaco Grand Prix","Monaco",4,"Fernando Alonso","Spanish","McLaren"
41,2007,6,"Canadian Grand Prix","Canada",1,"Lewis Hamilton","British","McLaren"
42,2007,7,"United States Grand Prix","USA",1,"Lewis Hamilton","British","McLaren"
43,2007,8,"French Grand Prix","France",8,"Kimi Räikkönen","Finnish","Ferrari"
44,2007,9,"British Grand Prix","UK",8,"Kimi Räikkönen","Finnish","Ferrari"
45,2007,10,"European Grand Prix","Germany",4,"Fernando Alonso","Spanish","McLaren"
46,2007,11,"Hungarian Grand Prix","Hungary",1,"Lewis Hamilton","British","McLaren"
47,2007,12,"Turkish Grand Prix","Turkey",13,"Felipe Massa","Brazilian","Ferrari"
48,2007,13,"Italian Grand Prix","Italy",4,"Fernando Alonso","Spanish","McLaren"
49,2007,14,"Belgian Grand Prix","Belgium",8,"Kimi Räikkönen","Finnish","Ferrari"
50,2007,15,"Japanese Grand Prix","Japan",1,"Lewis Hamilton","British","McLaren"
51,2007,16,"Chinese Grand Prix","China",8,"Kimi Räikkönen","Finnish","Ferrari"
52,2007,17,"Brazilian Grand Prix","Brazil",8,"Kimi Räikkönen","Finnish","Ferrari"
18,2008,1,"Australian Grand Prix","Australia",1,"Lewis Hamilton","British","McLaren"
19,2008,2,"Malaysian Grand Prix","Malaysia",8,"Kimi Räikkönen","Finnish","Ferrari"
20,2008,3,"Bahrain Grand Prix","Bahrain",13,"Felipe Massa","Brazilian","Ferrari"
21,2008,4,"Spanish Grand Prix","Spain",8,"Kimi Räikkönen","Finnish","Ferrari"
22,2008,5,"Turkish Grand Prix","Turkey",13,"Felipe Massa","Brazilian","Ferrari"
23,2008,6,"Monaco Grand Prix","Monaco",1,"Lewis Hamilton","British","McLaren"
24,2008,7,"Canadian Grand Prix","Canada",9,"Robert Kubica","Polish","BMW Sauber"
25,2008,8,"French Grand Prix","France",13,"Felipe Massa","Brazilian","Ferrari"
26,2008,9,"British Grand Prix","UK",1,"Lewis Hamilton","British","McLaren"
27,2008,10,"German Grand Prix","Germany",1,"Lewis Hamilton","British","McLaren"
28,2008,11,"Hungarian Grand Prix","Hungary",5,"Heikki Kovalainen","Finnish","McLaren"
29,2008,12,"European Grand Prix","Spain",13,"Felipe Massa","Brazilian","Ferrari"
30,2008,13,"Belgian Grand Prix","Belgium",13,"Felipe Massa","Brazilian","Ferrari"
31,2008,14,"Italian Grand Prix","Italy",20,"Sebastian Vettel","German","Toro Rosso"
32,2008,15,"Singapore Grand Prix","Singapore",4,"Fernando Alonso","Spanish","Renault"
33,2008,16,"Japanese Grand Prix","Japan",4,"Fernando Alonso","Spanish","Renault"
34,2008,17,"Chinese Grand Prix","China",1,"Lewis Hamilton","British","McLaren"
35,2008,18,"Brazilian Grand Prix","Brazil",13,"Felipe Massa","Brazilian","Ferrari"
1,2009,1,"Australian Grand Prix","Australia",18,"Jenson Button","British","Brawn"
2,2009,2,"Malaysian Grand Prix","Malaysia",18,"Jenson Button","British","Brawn"
3,2009,3,"Chinese Grand Prix","China",20,"Sebastian Vettel","German","Red Bull"
4,2009,4,"Bahrain Grand Prix","Bahrain",18,"Jenson Button","British","Brawn"
5,2009,5,"Spanish Grand Prix","Spain",18,"Jenson Button","British","Brawn"
6,2009,6,"Monaco Grand Prix","Monaco",18,"Jenson Button","British","Brawn"
7,2009,7,"Turkish Grand Prix","Turkey",18,"Jenson Button","British","Brawn"
8,2009,8,"British Grand Prix","UK",20,"Sebastian Vettel","German","Red Bull"
9,2009,9,"German Grand Prix","Germany",17,"Mark Webber","Australian","Red Bull"
10,2009,10,"Hungarian Grand Prix","Hungary",1,"Lewis Hamilton","British","McLaren"
11,2009,11,"European Grand Prix","Spain",22,"Rubens Barrichello","Brazilian","Brawn"
12,2009,12,"Belgian Grand Prix","Belgium",8,"Kimi Räikkönen","Finnish","Ferrari"
13,2009,13,"Italian Grand Prix","Italy",22,"Rubens Barrichello","Brazilian","Brawn"
14,2009,14,"Singapore Grand Prix","Singapore",1,"Lewis Hamilton","British","McLaren"
15,2009,15,"Japanese Grand Prix","Japan",20,"Sebastian Vettel","German","Red Bull"
16,2009,16,"Brazilian Grand Prix","Brazil",17,"Mark Webber","Australian","Red Bull"
17,2009,17,"Abu Dhabi Grand Prix","UAE",20,"Sebastian Vettel","German","Red Bull"
337,2010,1,"Bahrain Grand Prix","Bahrain",4,"Fernando Alonso","Spanish","Ferrari"
338,2010,2,"Australian Grand Prix","Australia",18,"Jenson Button","British","McLaren"
339,2010,3,"Malaysian Grand Prix","Malaysia",20,"Sebastian Vettel","German","Red Bull"
340,2010,4,"Chinese Grand Prix","China",18,"Jenson Button","British","McLaren"
341,2010,5,"Spanish Grand Prix","Spain",17,"Mark Webber","Australian","Red Bull"
342,2010,6,"Monaco Grand Prix","Monaco",17,"Mark Webber","Australian","Red Bull"
343,2010,7,"Turkish Grand Prix","Turkey",1,"Lewis Hamilton","British","McLaren"
344,2010,8,"Canadian Grand Prix","Canada",1,"Lewis Hamilton","British","McLaren"
345,2010,9,"European Grand Prix","Spain",20,"Sebastian Vettel","German","Red Bull"
346,2010,10,"British Grand Prix","UK",17,"Mark Webber","Australian","Red Bull"
347,2010,11,"German Grand Prix","Germany",4,"Fernando Alonso","Spanish","Ferrari"
348,2010,12,"Hungarian Grand Prix","Hungary",17,"Mark Webber","Australian","Red Bull"
349,2010,13,"Belgian Grand Prix","Belgium",1,"Lewis Hamilton","British","McLaren"
350,2010,14,"Italian Grand Prix","Italy",4,"Fernando Alonso","Spanish","Ferrari"
351,2010,15,"Singapore Grand Prix","Singapore",4,"Fernando Alonso","Spanish","Ferrari"
352,2010,16,"Japanese Grand Prix","Japan",20,"Sebastian Vettel","German","Red Bull"
353,2010,17,"Korean Grand Prix","Korea",4,"Fernando Alonso","Spanish","Ferrari"
354,2010,18,"Brazilian Grand Prix","Brazil",20,"Sebastian Vettel","German","Red Bull"
355,2010,19,"Abu Dhabi Grand Prix","UAE",20,"Sebastian Vettel","German","Red Bull"
841,2011,1,"Australian Grand Prix","Australia",20,"Sebastian Vettel","German","Red Bull"
842,2011,2,"Malaysian Grand Prix","Malaysia",20,"Sebastian Vettel","German","Red Bull"
843,2011,3,"Chinese Grand Prix","China",1,"Lewis Hamilton","British","McLaren"
844,2011,4,"Turkish Grand Prix","Turkey",20,"Sebastian Vettel","German","Red Bull"
845,2011,5,"Spanish Grand Prix","Spain",20,"Sebastian Vettel","German","Red Bull"
846,2011,6,"Monaco Grand Prix","Monaco",20,"Sebastian Vettel","German","Red Bull"
847,2011,7,"Canadian Grand Prix","Canada",18,"Jenson Button","British","McLaren"
848,2011,8,"European Grand Prix","Spain",20,"Sebastian Vettel","German","Red Bull"
849,2011,9,"British Grand Prix","UK",4,"Fernando Alonso","Spanish","Ferrari"
850,2011,10,"German Grand Prix","Germany",1,"Lewis Hamilton","British","McLaren"
851,2011,11,"Hungarian Grand Prix","Hungary",18,"Jenson Button","British","McLaren"
852,2011,12,"Belgian Grand Prix","Belgium",20,"Sebastian Vettel","German","Red Bull"
853,2011,13,"Italian Grand Prix","Italy",20,"Sebastian Vettel","German","Red Bull"
854,2011,14,"Singapore Grand Prix","Singapore",20,"Sebastian Vettel","German","Red Bull"
855,2011,15,"Japanese Grand Prix","Japan",18,"Jenson Button","British","McLaren"
856,2011,16,"Korean Grand Prix","Korea",20,"Sebastian Vettel","German","Red Bull"
857,2011,17,"Indian Grand Prix","India",20,"Sebastian Vettel","German","Red Bull"
858,2011,18,"Abu Dhabi Grand Prix","UAE",1,"Lewis Hamilton","British","McLaren"
859,2011,19,"Brazilian Grand Prix","Brazil",17,"Mark Webber","Australian","Red Bull"
860,2012,1,"Australian Grand Prix","Australia",18,"Jenson Button","British","McLaren"
861,2012,2,"Malaysian Grand Prix","Malaysia",4,"Fernando Alonso","Spanish","Ferrari"
862,2012,3,"Chinese Grand Prix","China",3,"Nico Rosberg","German","Mercedes"
863,2012,4,"Bahrain Grand Prix","Bahrain",20,"Sebastian Vettel","German","Red Bull"
864,2012,5,"Spanish Grand Prix","Spain",813,"Pastor Maldonado","Venezuelan","Williams"
865,2012,6,"Monaco Grand Prix","Monaco",17,"Mark Webber","Australian","Red Bull"
866,2012,7,"Canadian Grand Prix","Canada",1,"Lewis Hamilton","British","McLaren"
867,2012,8,"European Grand Prix","Spain",4,"Fernando Alonso","Spanish","Ferrari"
868,2012,9,"British Grand Prix","UK",17,"Mark Webber","Australian","Red Bull"
869,2012,10,"German Grand Prix","Germany",4,"Fernando Alonso","Spanish","Ferrari"
870,2012,11,"Hungarian Grand Prix","Hungary",1,"Lewis Hamilton","British","McLaren"
871,2012,12,"Belgian Grand Prix","Belgium",18,"Jenson Button","British","McLaren"
872,2012,13,"Italian Grand Prix","Italy",1,"Lewis Hamilton","British","McLaren"
873,2012,14,"Singapore Grand Prix","Singapore",20,"Sebastian Vettel","German","Red Bull"
874,2012,15,"Japanese Grand Prix","Japan",20,"Sebastian Vettel","German","Red Bull"
875,2012,16,"Korean Grand Prix","Korea",20,"Sebastian Vettel","German","Red Bull"
876,2012,17,"Indian Grand Prix","India",20,"Sebastian Vettel","German","Red Bull"
877,2012,18,"Abu Dhabi Grand Prix","UAE",8,"Kimi Räikkönen","Finnish","Lotus F1"
878,2012,19,"United States Grand Prix","USA",1,"Lewis Hamilton","British","McLaren"
879,2012,20,"Brazilian Grand Prix","Brazil",18,"Jenson Button","British","McLaren"
880,2013,1,"Australian Grand Prix","Australia",8,"Kimi Räikkönen","Finnish","Lotus F1"
881,2013,2,"Malaysian Grand Prix","Malaysia",20,"Sebastian Vettel","German","Red Bull"
882,2013,3,"Chinese Grand Prix","China",4,"Fernando Alonso","Spanish","Ferrari"
883,2013,4,"Bahrain Grand Prix","Bahrain",20,"Sebastian Vettel","German","Red Bull"
884,2013,5,"Spanish Grand Prix","Spain",4,"Fernando Alonso","Spanish","Ferrari"
885,2013,6,"Monaco Grand Prix","Monaco",3,"Nico Rosberg","German","Mercedes"
886,2013,7,"Canadian Grand Prix","Canada",20,"Sebastian Vettel","German","Red Bull"
887,2013,8,"British Grand Prix","UK",3,"Nico Rosberg","German","Mercedes"
888,2013,9,"German Grand Prix","Germany",20,"Sebastian Vettel","German","Red Bull"
890,2013,10,"Hungarian Grand Prix","Hungary",1,"Lewis Hamilton","British","Mercedes"
891,2013,11,"Belgian Grand Prix","Belgium",20,"Sebastian Vettel","German","Red Bull"
892,2013,12,"Italian Grand Prix","Italy",20,"Sebastian Vettel","German","Red Bull"
893,2013,13,"Singapore Grand Prix","Singapore",20,"Sebastian Vettel","German","Red Bull"
894,2013,14,"Korean Grand Prix","Korea",20,"Sebastian Vettel","German","Red Bull"
895,2013,15,"Japanese Grand Prix","Japan",20,"Sebastian Vettel","German","Red Bull"
896,2013,16,"Indian Grand Prix","India",20,"Sebastian Vettel","German","Red Bull"
897,2013,17,"Abu Dhabi Grand Prix","UAE",20,"Sebastian Vettel","German","Red Bull"
898,2013,18,"United States Grand Prix","USA",20,"Sebastian Vettel","German","Red Bull"
899,2013,19,"Brazilian Grand Prix","Brazil",20,"Sebastian Vettel","German","Red Bull"
900,2014,1,"Australian Grand Prix","Australia",3,"Nico Rosberg","German","Mercedes"
901,2014,2,"Malaysian Grand Prix","Malaysia",1,"Lewis Hamilton","British","Mercedes"
902,2014,3,"Bahrain Grand Prix","Bahrain",1,"Lewis Hamilton","British","Mercedes"
903,2014,4,"Chinese Grand Prix","China",1,"Lewis Hamilton","British","Mercedes"
904,2014,5,"Spanish Grand Prix","Spain",1,"Lewis Hamilton","British","Mercedes"
905,2014,6,"Monaco Grand Prix","Monaco",3,"Nico Rosberg","German","Mercedes"
906,2014,7,"Canadian Grand Prix","Canada",817,"Daniel Ricciardo","Australian","Red Bull"
907,2014,8,"Austrian Grand Prix","Austria",3,"Nico Rosberg","German","Mercedes"
908,2014,9,"British Grand Prix","UK",1,"Lewis Hamilton","British","Mercedes"
909,2014,10,"German Grand Prix","Germany",3,"Nico Rosberg","German","Mercedes"
910,2014,11,"Hungarian Grand Prix","Hungary",817,"Daniel Ricciardo","Australian","Red Bull"
911,2014,12,"Belgian Grand Prix","Belgium",817,"Daniel Ricciardo","Australian","Red Bull"
912,2014,13,"Italian Grand Prix","Italy",1,"Lewis Hamilton","British","Mercedes"
913,2014,14,"Singapore Grand Prix","Singapore",1,"Lewis Hamilton","British","Mercedes"
914,2014,15,"Japanese Grand Prix","Japan",1,"Lewis Hamilton","British","Mercedes"
915,2014,16,"Russian Grand Prix","Russia",1,"Lewis Hamilton","British","Mercedes"
916,2014,17,"United States Grand Prix","USA",1,"Lewis Hamilton","British","Mercedes"
917,2014,18,"Brazilian Grand Prix","Brazil",3,"Nico Rosberg","German","Mercedes"
918,2014,19,"Abu Dhabi Grand Prix","UAE",1,"Lewis Hamilton","British","Mercedes"
926,2015,1,"Australian Grand Prix","Australia",1,"Lewis Hamilton","British","Mercedes"
927,2015,2,"Malaysian Grand Prix","Malaysia",20,"Sebastian Vettel","German","Ferrari"
928,2015,3,"Chinese Grand Prix","China",1,"Lewis Hamilton","British","Mercedes"
929,2015,4,"Bahrain Grand Prix","Bahrain",1,"Lewis Hamilton","British","Mercedes"
930,2015,5,"Spanish Grand Prix","Spain",3,"Nico Rosberg","German","Mercedes"
931,2015,6,"Monaco Grand Prix","Monaco",3,"Nico Rosberg","German","Mercedes"
932,2015,7,"Canadian Grand Prix","Canada",1,"Lewis Hamilton","British","Mercedes"
933,2015,8,"Austrian Grand Prix","Austria",3,"Nico Rosberg","German","Mercedes"
934,2015,9,"British Grand Prix","UK",1,"Lewis Hamilton","British","Mercedes"
936,2015,10,"Hungarian Grand Prix","Hungary",20,"Sebastian Vettel","German","Ferrari"
937,2015,11,"Belgian Grand Prix","Belgium",1,"Lewis Hamilton","British","Mercedes"
938,2015,12,"Italian Grand Prix","Italy",1,"Lewis Hamilton","British","Mercedes"
939,2015,13,"Singapore Grand Prix","Singapore",20,"Sebastian Vettel","German","Ferrari"
940,2015,14,"Japanese Grand Prix","Japan",1,"Lewis Hamilton","British","Mercedes"
941,2015,15,"Russian Grand Prix","Russia",1,"Lewis Hamilton","British","Mercedes"
942,2015,16,"United States Grand Prix","USA",1,"Lewis Hamilton","British","Mercedes"
943,2015,17,"Mexican Grand Prix","Mexico",3,"Nico Rosberg","German","Mercedes"
944,2015,18,"Brazilian Grand Prix","Brazil",3,"Nico Rosberg","German","Mercedes"
945,2015,19,"Abu Dhabi Grand Prix","UAE",3,"Nico Rosberg","German","Mercedes"
948,2016,1,"Australian Grand Prix","Australia",3,"Nico Rosberg","German","Mercedes"
949,2016,2,"Bahrain Grand Prix","Bahrain",3,"Nico Rosberg","German","Mercedes"
950,2016,3,"Chinese Grand Prix","China",3,"Nico Rosberg","German","Mercedes"
951,2016,4,"Russian Grand Prix","Russia",3,"Nico Rosberg","German","Mercedes"
952,2016,5,"Spanish Grand Prix","Spain",830,"Max Verstappen","Dutch","Red Bull"
953,2016,6,"Monaco Grand Prix","Monaco",1,"Lewis Hamilton","British","Mercedes"
954,2016,7,"Canadian Grand Prix","Canada",1,"Lewis Hamilton","British","Mercedes"
955,2016,8,"European Grand Prix","Azerbaijan",3,"Nico Rosberg","German","Mercedes"
956,2016,9,"Austrian Grand Prix","Austria",1,"Lewis Hamilton","British","Mercedes"
957,2016,10,"British Grand Prix","UK",1,"Lewis Hamilton","British","Mercedes"
958,2016,11,"Hungarian Grand Prix","Hungary",1,"Lewis Hamilton","British","Mercedes"
959,2016,12,"German Grand Prix","Germany",1,"Lewis Hamilton","British","Mercedes"
960,2016,13,"Belgian Grand Prix","Belgium",3,"Nico Rosberg","German","Mercedes"
961,2016,14,"Italian Grand Prix","Italy",3,"Nico Rosberg","German","Mercedes"
962,2016,15,"Singapore Grand Prix","Singapore",3,"Nico Rosberg","German","Mercedes"
963,2016,16,"Malaysian Grand Prix","Malaysia",817,"Daniel Ricciardo","Australian","Red Bull"
964,2016,17,"Japanese Grand Prix","Japan",3,"Nico Rosberg","German","Mercedes"
965,2016,18,"United States Grand Prix","USA",1,"Lewis Hamilton","British","Mercedes"
966,2016,19,"Mexican Grand Prix","Mexico",1,"Lewis Hamilton","British","Mercedes"
967,2016,20,"Brazilian Grand Prix","Brazil",1,"Lewis Hamilton","British","Mercedes"
968,2016,21,"Abu Dhabi Grand Prix","UAE",1,"Lewis Hamilton","British","Mercedes"
969,2017,1,"Australian Grand Prix","Australia",20,"Sebastian Vettel","German","Ferrari"
970,2017,2,"Chinese Grand Prix","China",1,"Lewis Hamilton","British","Mercedes"
971,2017,3,"Bahrain Grand Prix","Bahrain",20,"Sebastian Vettel","German","Ferrari"
972,2017,4,"Russian Grand Prix","Russia",822,"Valtteri Bottas","Finnish","Mercedes"
973,2017,5,"Spanish Grand Prix","Spain",1,"Lewis Hamilton","British","Mercedes"
974,2017,6,"Monaco Grand Prix","Monaco",20,"Sebastian Vettel","German","Ferrari"
975,2017,7,"Canadian Grand Prix","Canada",1,"Lewis Hamilton","British","Mercedes"
976,2017,8,"Azerbaijan Grand Prix","Azerbaijan",817,"Daniel Ricciardo","Australian","Red Bull"
977,2017,9,"Austrian Grand Prix","Austria",822,"Valtteri Bottas","Finnish","Mercedes"
978,2017,10,"British Grand Prix","UK",1,"Lewis Hamilton","British","Mercedes"
979,2017,11,"Hungarian Grand Prix","Hungary",20,"Sebastian Vettel","German","Ferrari"
980,2017,12,"Belgian Grand Prix","Belgium",1,"Lewis Hamilton","British","Mercedes"
981,2017,13,"Italian Grand Prix","Italy",1,"Lewis Hamilton","British","Mercedes"
982,2017,14,"Singapore Grand Prix","Singapore",1,"Lewis Hamilton","British","Mercedes"
983,2017,15,"Malaysian Grand Prix","Malaysia",830,"Max Verstappen","Dutch","Red Bull"
984,2017,16,"Japanese Grand Prix","Japan",1,"Lewis Hamilton","British","Mercedes"
985,2017,17,"United States Grand Prix","USA",1,"Lewis Hamilton","British","Mercedes"
986,2017,18,"Mexican Grand Prix","Mexico",830,"Max Verstappen","Dutch","Red Bull"
987,2017,19,"Brazilian Grand Prix","Brazil",20,"Sebastian Vettel","German","Ferrari"
988,2017,20,"Abu Dhabi Grand Prix","UAE",822,"Valtteri Bottas","Finnish","Mercedes"
989,2018,1,"Australian Grand Prix","Australia",20,"Sebastian Vettel","German","Ferrari"
990,2018,2,"Bahrain Grand Prix","Bahrain",20,"Sebastian Vettel","German","Ferrari"
991,2018,3,"Chinese Grand Prix","China",817,"Daniel Ricciardo","Australian","Red Bull"
992,2018,4,"Azerbaijan Grand Prix","Azerbaijan",1,"Lewis Hamilton","British","Mercedes"
993,2018,5,"Spanish Grand Prix","Spain",1,"Lewis Hamilton","British","Mercedes"
994,2018,6,"Monaco Grand Prix","Monaco",817,"Daniel Ricciardo","Australian","Red Bull"
995,2018,7,"Canadian Grand Prix","Canada",20,"Sebastian Vettel","German","Ferrari"
996,2018,8,"French Grand Prix","France",1,"Lewis Hamilton","British","Mercedes"
997,2018,9,"Austrian Grand Prix","Austria",830,"Max Verstappen","Dutch","Red Bull"
998,2018,10,"British Grand Prix","UK",20,"Sebastian Vettel","German","Ferrari"
999,2018,11,"German Grand Prix","Germany",1,"Lewis Hamilton","British","Mercedes"
1000,2018,12,"Hungarian Grand Prix","Hungary",1,"Lewis Hamilton","British","Mercedes"
1001,2018,13,"Belgian Grand Prix","Belgium",20,"Sebastian Vettel","German","Ferrari"
1002,2018,14,"Italian Grand Prix","Italy",1,"Lewis Hamilton","British","Mercedes"
1003,2018,15,"Singapore Grand Prix","Singapore",1,"Lewis Hamilton","British","Mercedes"
1004,2018,16,"Russian Grand Prix","Russia",1,"Lewis Hamilton","British","Mercedes"
1005,2018,17,"Japanese Grand Prix","Japan",1,"Lewis Hamilton","British","Mercedes"
1006,2018,18,"United States Grand Prix","USA",8,"Kimi Räikkönen","Finnish","Ferrari"
1007,2018,19,"Mexican Grand Prix","Mexico",830,"Max Verstappen","Dutch","Red Bull"
1008,2018,20,"Brazilian Grand Prix","Brazil",1,"Lewis Hamilton","British","Mercedes"
1009,2018,21,"Abu Dhabi Grand Prix","UAE",1,"Lewis Hamilton","British","Mercedes"
1010,2019,1,"Australian Grand Prix","Australia",822,"Valtteri Bottas","Finnish","Mercedes"
1011,2019,2,"Bahrain Grand Prix","Bahrain",1,"Lewis Hamilton","British","Mercedes"
1012,2019,3,"Chinese Grand Prix","China",1,"Lewis Hamilton","British","Mercedes"
1013,2019,4,"Azerbaijan Grand Prix","Azerbaijan",822,"Valtteri Bottas","Finnish","Mercedes"
1014,2019,5,"Spanish Grand Prix","Spain",1,"Lewis Hamilton","British","Mercedes"
1015,2019,6,"Monaco Grand Prix","Monaco",1,"Lewis Hamilton","British","Mercedes"
1016,2019,7,"Canadian Grand Prix","Canada",1,"Lewis Hamilton","British","Mercedes"
1017,2019,8,"French Grand Prix","France",1,"Lewis Hamilton","British","Mercedes"
1018,2019,9,"Austrian Grand Prix","Austria",830,"Max Verstappen","Dutch","Red Bull"
1019,2019,10,"British Grand Prix","UK",1,"Lewis Hamilton","British","Mercedes"
1020,2019,11,"German Grand Prix","Germany",830,"Max Verstappen","Dutch","Red Bull"
1021,2019,12,"Hungarian Grand Prix","Hungary",1,"Lewis Hamilton","British","Mercedes"
1022,2019,13,"Belgian Grand Prix","Belgium",844,"Charles Leclerc","Monegasque","Ferrari"
1023,2019,14,"Italian Grand Prix","Italy",844,"Charles Leclerc","Monegasque","Ferrari"
1024,2019,15,"Singapore Grand Prix","Singapore",20,"Sebastian Vettel","German","Ferrari"
1025,2019,16,"Russian Grand Prix","Russia",1,"Lewis Hamilton","British","Mercedes"
1026,2019,17,"Japanese Grand Prix","Japan",822,"Valtteri Bottas","Finnish","Mercedes"
1027,2019,18,"Mexican Grand Prix","Mexico",1,"Lewis Hamilton","British","Mercedes"
1028,2019,19,"United States Grand Prix","USA",822,"Valtteri Bottas","Finnish","Mercedes"
1029,2019,20,"Brazilian Grand Prix","Brazil",830,"Max Verstappen","Dutch","Red Bull"
1030,2019,21,"Abu Dhabi Grand Prix","UAE",1,"Lewis Hamilton","British","Mercedes"
1031,2020,1,"Austrian Grand Prix","Austria",822,"Valtteri Bottas","Finnish","Mercedes"
1032,2020,2,"Styrian Grand Prix","Austria",1,"Lewis Hamilton","British","Mercedes"
1033,2020,3,"Hungarian Grand Prix","Hungary",1,"Lewis Hamilton","British","Mercedes"
1034,2020,4,"British Grand Prix","UK",1,"Lewis Hamilton","British","Mercedes"
1035,2020,5,"70th Anniversary Grand Prix","UK",830,"Max Verstappen","Dutch","Red Bull"
1036,2020,6,"Spanish Grand Prix","Spain",1,"Lewis Hamilton","British","Mercedes"
1037,2020,7,"Belgian Grand Prix","Belgium",1,"Lewis Hamilton","British","Mercedes"
1038,2020,8,"Italian Grand Prix","Italy",842,"Pierre Gasly","French","AlphaTauri"
1039,2020,9,"Tuscan Grand Prix","Italy",1,"Lewis Hamilton","British","Mercedes"
1040,2020,10,"Russian Grand Prix","Russia",822,"Valtteri Bottas","Finnish","Mercedes"
1041,2020,11,"Eifel Grand Prix","Germany",1,"Lewis Hamilton","British","Mercedes"
1042,2020,12,"Portuguese Grand Prix","Portugal",1,"Lewis Hamilton","British","Mercedes"
1043,2020,13,"Emilia Romagna Grand Prix","Italy",1,"Lewis Hamilton","British","Mercedes"
1044,2020,14,"Turkish Grand Prix","Turkey",1,"Lewis Hamilton","British","Mercedes"
1045,2020,15,"Bahrain Grand Prix","Bahrain",1,"Lewis Hamilton","British","Mercedes"
1046,2020,16,"Sakhir Grand Prix","Bahrain",815,"Sergio Pérez","Mexican","Racing Point"
1047,2020,17,"Abu Dhabi Grand Prix","UAE",830,"Max Verstappen","Dutch","Red Bull"
1052,2021,1,"Bahrain Grand Prix","Bahrain",1,"Lewis Hamilton","British","Mercedes"
1053,2021,2,"Emilia Romagna Grand Prix","Italy",830,"Max Verstappen","Dutch","Red Bull"
1054,2021,3,"Portuguese Grand Prix","Portugal",1,"Lewis Hamilton","British","Mercedes"
1055,2021,4,"Spanish Grand Prix","Spain",1,"Lewis Hamilton","British","Mercedes"
1056,2021,5,"Monaco Grand Prix","Monaco",830,"Max Verstappen","Dutch","Red Bull"
1057,2021,6,"Azerbaijan Grand Prix","Azerbaijan",815,"Sergio Pérez","Mexican","Red Bull"
1059,2021,7,"French Grand Prix","France",830,"Max Verstappen","Dutch","Red Bull"
1058,2021,8,"Styrian Grand Prix","Austria",830,"Max Verstappen","Dutch","Red Bull"
1060,2021,9,"Austrian Grand Prix","Austria",830,"Max Verstappen","Dutch","Red Bull"
1061,2021,10,"British Grand Prix","UK",1,"Lewis Hamilton","British","Mercedes"
1062,2021,11,"Hungarian Grand Prix","Hungary",839,"Esteban Ocon","French","Alpine F1 Team"
1063,2021,12,"Belgian Grand Prix","Belgium",830,"Max Verstappen","Dutch","Red Bull"
1064,2021,13,"Dutch Grand Prix","Netherlands",830,"Max Verstappen","Dutch","Red Bull"
1065,2021,14,"Italian Grand Prix","Italy",817,"Daniel Ricciardo","Australian","McLaren"
1066,2021,15,"Russian Grand Prix","Russia",1,"Lewis Hamilton","British","Mercedes"
1067,2021,16,"Turkish Grand Prix","Turkey",822,"Valtteri Bottas","Finnish","Mercedes"
1069,2021,17,"United States Grand Prix","USA",830,"Max Verstappen","Dutch","Red Bull"
1070,2021,18,"Mexico City Grand Prix","Mexico",830,"Max Verstappen","Dutch","Red Bull"
1071,2021,19,"SÃ£o Paulo Grand Prix","Brazil",1,"Lewis Hamilton","British","Mercedes"
1051,2021,20,"Qatar Grand Prix","Qatar",1,"Lewis Hamilton","British","Mercedes"
1072,2021,21,"Saudi Arabian Grand Prix","Saudi Arabia",1,"Lewis Hamilton","British","Mercedes"
1073,2021,22,"Abu Dhabi Grand Prix","UAE",830,"Max Verstappen","Dutch","Red Bull"
1074,2022,1,"Bahrain Grand Prix","Bahrain",844,"Charles Leclerc","Monegasque","Ferrari"
1075,2022,2,"Saudi Arabian Grand Prix","Saudi Arabia",830,"Max Verstappen","Dutch","Red Bull"
1076,2022,3,"Australian Grand Prix","Australia",844,"Charles Leclerc","Monegasque","Ferrari"
1077,2022,4,"Emilia Romagna Grand Prix","Italy",830,"Max Verstappen","Dutch","Red Bull"
1078,2022,5,"Miami Grand Prix","USA",830,"Max Verstappen","Dutch","Red Bull"
1079,2022,6,"Spanish Grand Prix","Spain",830,"Max Verstappen","Dutch","Red Bull"
1080,2022,7,"Monaco Grand Prix","Monaco",815,"Sergio Pérez","Mexican","Red Bull"
1081,2022,8,"Azerbaijan Grand Prix","Azerbaijan",830,"Max Verstappen","Dutch","Red Bull"
1082,2022,9,"Canadian Grand Prix","Canada",830,"Max Verstappen","Dutch","Red Bull"
1083,2022,10,"British Grand Prix","UK",832,"Carlos Sainz","Spanish","Ferrari"
1084,2022,11,"Austrian Grand Prix","Austria",844,"Charles Leclerc","Monegasque","Ferrari"
1085,2022,12,"French Grand Prix","France",830,"Max Verstappen","Dutch","Red Bull"
1086,2022,13,"Hungarian Grand Prix","Hungary",830,"Max Verstappen","Dutch","Red Bull"
1087,2022,14,"Belgian Grand Prix","Belgium",830,"Max Verstappen","Dutch","Red Bull"
1088,2022,15,"Dutch Grand Prix","Netherlands",830,"Max Verstappen","Dutch","Red Bull"
1089,2022,16,"Italian Grand Prix","Italy",830,"Max Verstappen","Dutch","Red Bull"
1091,2022,17,"Singapore Grand Prix","Singapore",815,"Sergio Pérez","Mexican","Red Bull"
1092,2022,18,"Japanese Grand Prix","Japan",830,"Max Verstappen","Dutch","Red Bull"
1093,2022,19,"United States Grand Prix","USA",830,"Max Verstappen","Dutch","Red Bull"
1094,2022,20,"Mexico City Grand Prix","Mexico",830,"Max Verstappen","Dutch","Red Bull"
1095,2022,21,"SÃ£o Paulo Grand Prix","Brazil",847,"George Russell","British","Mercedes"
1096,2022,22,"Abu Dhabi Grand Prix","UAE",830,"Max Verstappen","Dutch","Red Bull"
1098,2023,1,"Bahrain Grand Prix","Bahrain",830,"Max Verstappen","Dutch","Red Bull"
1099,2023,2,"Saudi Arabian Grand Prix","Saudi Arabia",815,"Sergio Pérez","Mexican","Red Bull"
1100,2023,3,"Australian Grand Prix","Australia",830,"Max Verstappen","Dutch","Red Bull"
1101,2023,4,"Azerbaijan Grand Prix","Azerbaijan",815,"Sergio Pérez","Mexican","Red Bull"
1102,2023,5,"Miami Grand Prix","USA",830,"Max Verstappen","Dutch","Red Bull"
1104,2023,6,"Monaco Grand Prix","Monaco",830,"Max Verstappen","Dutch","Red Bull"
1105,2023,7,"Spanish Grand Prix","Spain",830,"Max Verstappen","Dutch","Red Bull"
1106,2023,8,"Canadian Grand Prix","Canada",830,"Max Verstappen","Dutch","Red Bull"
1107,2023,9,"Austrian Grand Prix","Austria",830,"Max Verstappen","Dutch","Red Bull"
1108,2023,10,"British Grand Prix","UK",830,"Max Verstappen","Dutch","Red Bull"
1109,2023,11,"Hungarian Grand Prix","Hungary",830,"Max Verstappen","Dutch","Red Bull"
1110,2023,12,"Belgian Grand Prix","Belgium",830,"Max Verstappen","Dutch","Red Bull"
1111,2023,13,"Dutch Grand Prix","Netherlands",830,"Max Verstappen","Dutch","Red Bull"
1112,2023,14,"Italian Grand Prix","Italy",830,"Max Verstappen","Dutch","Red Bull"
1113,2023,15,"Singapore Grand Prix","Singapore",832,"Carlos Sainz","Spanish","Ferrari"
1114,2023,16,"Japanese Grand Prix","Japan",830,"Max Verstappen","Dutch","Red Bull"
1115,2023,17,"Qatar Grand Prix","Qatar",830,"Max Verstappen","Dutch","Red Bull"
1116,2023,18,"United States Grand Prix","USA",830,"Max Verstappen","Dutch","Red Bull"
1117,2023,19,"Mexico City Grand Prix","Mexico",830,"Max Verstappen","Dutch","Red Bull"
1118,2023,20,"SÃ£o Paulo Grand Prix","Brazil",830,"Max Verstappen","Dutch","Red Bull"
1119,2023,21,"Las Vegas Grand Prix","USA",830,"Max Verstappen","Dutch","Red Bull"
1120,2023,22,"Abu Dhabi Grand Prix","UAE",830,"Max Verstappen","Dutch","Red Bull"
1121,2024,1,"Bahrain Grand Prix","Bahrain",830,"Max Verstappen","Dutch","Red Bull"
1122,2024,2,"Saudi Arabian Grand Prix","Saudi Arabia",830,"Max Verstappen","Dutch","Red Bull"
1123,2024,3,"Australian Grand Prix","Australia",832,"Carlos Sainz","Spanish","Ferrari"
1124,2024,4,"Japanese Grand Prix","Japan",830,"Max Verstappen","Dutch","Red Bull"
1125,2024,5,"Chinese Grand Prix","China",830,"Max Verstappen","Dutch","Red Bull"
1126,2024,6,"Miami Grand Prix","USA",846,"Lando Norris","British","McLaren"
1127,2024,7,"Emilia Romagna Grand Prix","Italy",830,"Max Verstappen","Dutch","Red Bull"
1128,2024,8,"Monaco Grand Prix","Monaco",844,"Charles Leclerc","Monegasque","Ferrari"
1129,2024,9,"Canadian Grand Prix","Canada",830,"Max Verstappen","Dutch","Red Bull"
1130,2024,10,"Spanish Grand Prix","Spain",830,"Max Verstappen","Dutch","Red Bull"
1131,2024,11,"Austrian Grand Prix","Austria",847,"George Russell","British","Mercedes"
1132,2024,12,"British Grand Prix","UK",1,"Lewis Hamilton","British","Mercedes"
